index,content_id,severity,severity_code,categories,desc_core_ko,graph_preserved_ko,gap_ko,desc_summary,graph_summary,desc_source,graph_source,desc_sha256,graph_sha256
1,microlens_100k_00001,핵심 손실,H,"T,N,I,P","구창가·당완의 판타지 대결, 동생 구출 부탁과 주종 굴복, 종파 갈등",전통 복장 인물들의 대화·울음·모임,"인물 역할, 힘의 대결, 갈등 원인과 목적 및 병렬 서사 소실","A dramatic fantasy confrontation unfolds between Gu Changge and Tang Wan. Displaying calm detachment and supernatural void powers, Gu Changge divides space and unleashes an overwhelming force that shatters the surrounding area, knocking Tang Wan back and causing her to spit blood. In great distress and fear, Tang Wan desperately pleads for the release of her brother. Gu Changge makes a solemn vow by his heart, hiding a demonic nature that makes the oath effortless for him, while Tang Wan eventually relents, wrestling with the painful reality of submitting to him as master. 

Meanwhile, parallel conflicts develop involving family ties, sect politics, and mysterious arts. Gu Xian'er reflects in isolation while contemplating ancient bone scriptures and her prideful divine-demonic constitution, later experiencing emotional tension and harsh criticism in Gu Changge's presence. In a grand assembly hall, elders from the True Dao Academy arrive and examine a recognized bottle containing the precious Nine-Turn Immortal Rebirth Pill, seeking answers about an attack linked to the Heavenly Sovereign of the Purple Sun. 

At the same time, a green-eyed youth named Qingfeng despairs over his captive kin, Xiao Yi. While a masked figure and the elders hesitate to become entangled in perilous matters connected to grand demonic lineages, Qingfeng fervently pleads for intervention. Amidst the kingdom's brewing crisis, leaders and elders find themselves blindsided by Gu Changge's undetected arrival, signaling a shift in power as the overarching conflict deepens.","The video depicts a series of dramatic narrative interactions among characters dressed in traditional robes and garments. A central figure with long brown hair and expressive purple eyes frequently engages with others, conversing, exchanging smiles, and sharing moments with individuals in flowing white robes. In earlier encounters, an individual wearing a black mask reaches toward the purple-eyed figure, while other scenes capture quiet exchanges over cups. 

Tensions arise as emotional conflicts develop across the group. Several figures are shown crying, shouting, or gazing with intense and angry expressions. Figures with long dark hair consult and handle scrolls, while others gesture, speak urgently, or point. Some scenes feature physical distress, with characters lying down or resting on the ground while companions touch or support them, including an individual holding a fan and others clad in distinctive blue and purple attire.

The setting also showcases courtly or formal gatherings, where multiple figures in matching white and gold robes stand assembled. In a grander chamber, a figure with long white hair sits atop a throne as others address or shout toward them. Later moments continue with character dialogues featuring individuals in traditional dress, including one bearing a red mark on their forehead standing alongside a white-haired figure in black robes, concluding the sequence of varied dramatic encounters.",artifacts/runs/v4_260922/extraction/summaries/desc_qwen/microlens_100k_00001.json,artifacts/runs/v4_260922/extraction/summaries/graph_qwen/microlens_100k_00001.json,ffb8bcce3bc5dca169e0936703bf3a19f8bcde2ee1e8cab5a9e84b328506c889,ab5eed3b9320c7a697945f887f333f9a86cd49aaf34cf0031146ba0d80103eb0
2,microlens_100k_00002,부분 손실,M,"P,C",매운 볶음 요리를 만들고 함께 맛보며 매운맛에 반응,재료 손질·웍 조리·공동 식사 보존,"매운 요리의 특징과 먹는 반응, 소스와 완성 음식 묘사 약화; 주재료는 desc도 불확실","In a rustic outdoor setting with a brick wall and hanging chilies, two women prepare and enjoy a spicy home-cooked stir-fry. The cooking process begins with chopping garlic, ginger, and green onions before washing, drying, and adding a generous portion of red chilies to a large, heated black wok with oil. The woman in the white t-shirt and striped apron takes the lead at the wok, sautéing the garlic and chilies with a metal spatula while the woman in the floral shirt watches and assists nearby. 

Thin noodles or strips of meat—appearing to be dried meat, duck intestines, or small fish—are vigorously tossed in the wok along with sliced onions, green vegetables, and additional chilies. Once the ingredients are thoroughly coated in sauce and fully cooked, the glossy, vibrant dish is transferred to large red serving dishes.

After cooking, both women sit together at a wooden table to eat the meal using chopsticks. They converse, laugh, and react to the dish's intense spiciness and flavor. At one point, the woman on the right opens a clear plastic bag at the table as they continue chatting, sharing drinks, and happily enjoying their freshly cooked food.","Two people wearing aprons—one in a white shirt and the other in a blue floral shirt—work together to prepare and enjoy a meal. The process begins with food preparation, where celery and other vegetables are handled and chopped. Using a large silver knife, the person in the white shirt washes and chops various aromatic ingredients, including red chilis, garlic, ginger, and scallions. 

Working side by side, the person in the white shirt steadies a large black wok while the person in the floral shirt adds the prepared sliced ginger and chopped chilis. As cooking progresses, long metal spoons are used to stir the ingredients sizzling inside the wok, and additional food is poured into the pan from a red plate to finish the dish. 

Once the cooking is complete, the two sit down together to share the food from a large red plate. Both use chopsticks to eat from the central dish as well as from individual green cups, looking at each other and the meal while holding a small white bag during their conversation.",artifacts/runs/v4_260922/extraction/summaries/desc_qwen/microlens_100k_00002.json,artifacts/runs/v4_260922/extraction/summaries/graph_qwen/microlens_100k_00002.json,d8912175b95fd7d126728ca3d9e8a1ed913d43c50b82ce5e2355e4f73cc50b72,143e4dda8f9b4c1c98439c91e14834d1cc4cbba4d6c45751b3368cf9f5936d69
3,microlens_100k_00003,부분 손실,M,"T,N,C","유머·극적 상황 모음, 위로·충돌·공익 활동",일상 거리·실내 행동 모음,"각 에피소드의 상황과 정서, 유머 포인트가 일반적인 행동 나열로 축소","This compilation features a wide variety of dramatic, humorous, and candid vignettes involving personal interactions and everyday situations. 

Several segments center on close interpersonal and domestic exchanges. A woman confronts a man on a couch over a phone, while another domestic scene shows an affectionate man comforting a distressed young woman with content on his device. In a public indoor space, two men warmly interact with an infant, followed by a couple viewing a phone together. Subtle physical touches and expressive encounters, including an energetic clown-faced dancer performing for someone at a desk, appear alongside quiet transactions, such as a customer attempting a card payment over a store counter.

Other scenes capture outdoor tensions and community events. A masked man wields a wooden stick near a truck during a confrontation, contrasting with rural moments where individuals on bicycles and motorcycles gather around topics of donation and public service. Elsewhere, sanitation workers clear waste along a park path before a passing minivan causes a pause, quickly followed by a woman in a yellow dress running through an adjacent parking lot. 

Vehicles and individual travel frequently connect the clips. One woman counts a stack of banknotes inside a white luxury convertible before taking the wheel, accompanied by a man in a denim jacket. Another man smiles while relaxing on a couch and later drives his car. Diverse portraits punctuate the collection, ranging from a shirtless man speaking from shallow ocean waters and a woman seated near a scooter to dramatic close-ups of heavily stylized makeup and health workers clad in full protective suits operating in residential lots.","The video presents a collection of varied everyday moments, street scenes, and indoor interactions. In an indoor gathering, a person in a black tank top dances near others who are sitting or standing, while in another interior setting, masked individuals in jackets interact with two people seated on a couch and exchanging glances. Additional domestic scenes feature a person lying on a couch, as well as several people wearing black shirts smiling together while looking at each other and holding a phone. 

Elsewhere, people move through diverse outdoor and public environments. A driver maneuvers a white car beside someone standing in a white suit, while in another instance, someone drives a red car past a person holding money and an individual walking nearby. Activity around town includes a worker pushing a cart in a white protective suit, a shirtless person in the water, someone seated on a bench, and another individual riding a scooter. Nearby, workers in green jackets sweep and bend over while a person in a blue shirt and another in a yellow dress run past them. 

Street life continues with pedestrians and commuters, including a person in a yellow top and pearl necklace walking near someone talking on a phone, as well as multiple individuals riding motorcycles together alongside people walking on foot. Other interactions capture individuals examining cards, glancing toward the camera, and engaging in quiet conversation. Masked individuals and others wearing pink or black shirts are also seen holding a baby and using mobile phones.",artifacts/runs/v4_260922/extraction/summaries/desc_qwen/microlens_100k_00003.json,artifacts/runs/v4_260922/extraction/summaries/graph_qwen/microlens_100k_00003.json,e0d125bfa0e4d2ccf1de151d4aec6eefcce019f6b0fd081a5e1af7415738cbff,e43b5ebc24653b42aca1c13bae3cc228b396b4d066f3b830f4394196d12a3306
4,microlens_100k_00004,핵심 손실,H,"T,I,P,R",MOBA 스트리머의 아이템·룬 세팅과 상대별 대응 공략,검은 옷의 네 명이 함께 게임하는 장면,"공략 목적, 아이템 효능·빌드 비교와 스트리머 단일 인물 구조 소실","A young male streamer with dark hair and glasses plays and analyzes a mobile multiplayer online battle arena (MOBA) game, likely Honor of Kings or a similar title, from his gaming chair in front of a blue curtain. Throughout the video, his gameplay sessions in a fantasy battlefield alternate with in-depth strategic reviews of character builds, item optimization, and match history. 

During intense combat segments, the streamer reacts to ongoing team fights, showing frustration or disbelief at times while navigating a match. Between matches, he examines his inventory, item statistics, and rune configurations to explain his strategic decisions against different opponent types. Key discussions center around balancing defensive survivability with offensive power, highlighting items such as Pure Sky, Counter-Strike Armor, Eternal Night Guardian, and Sentry Blade to counter physical burst damage or mitigate threat from enemy mages. 

Toward the end, the video transitions into a tutorial format, comparing various gear setups for standard play, countering magic-damage junglers, and addressing physical burst threats while keeping runes consistent.","A group of four individuals wearing glasses and black shirts are seated together, watching and looking at one another. They actively participate in a game, each making selections while dressed in matching black attire. 

The video also features four figures dressed in red outfits standing beside one another, with three holding weapons and one distinguishable by blonde hair. In another sequence, animated or distinct characters engage in conversation, including one with blue hair conversing with three white-haired figures. 

Throughout the gaming sessions, players are seen actively engaged in gameplay using a variety of input devices, including mice, a keyboard, and a controller.",artifacts/runs/v4_260922/extraction/summaries/desc_qwen/microlens_100k_00004.json,artifacts/runs/v4_260922/extraction/summaries/graph_qwen/microlens_100k_00004.json,f3ac5f7972c5771dd1c34c8c130f1e4a673b9953363c2ca3c472cfb675875c32,6aafcbc2c7bf2eed60830b3c8d8110afaa3bc6210e1a93d915aa83c1ef9ce857
5,microlens_100k_00005,핵심 손실,H,"T,N,I",부부의 카드 정지·과소비·부동산 계약·외도 의심,정장 입은 사람들의 사회적·업무상 대화,"부부 관계, 금전 갈등의 원인, 이혼 거부 등 서사 핵심 소실","The drama centers on escalating financial and marital tensions between a husband and wife. The conflict begins after the wife spends a large sum of money, prompting her husband to freeze her bank cards. She discovers this when informed at a counter that her secondary card has been canceled, leading to a furious confrontation in his office where she accuses him of shutting down her accounts while he defends his actions as a necessary measure to avoid bankruptcy.

Simultaneously, unexpected property transactions and signed contracts complicate matters. The husband is baffled in a real estate office when agents insist a home purchase has already been verified under his identity, and he later faces emotionally charged discussions involving contracts in professional and medical settings. The wife also confronts another woman regarding her future happiness amid ongoing property advertisements.

Back at home, the couple engages in bitter arguments. The wife accuses the husband of pursuing an extramarital affair, while he reacts with sorrow, exhaustion, and resignation as they question the future of their marriage. Despite the turmoil, she asserts that she will not divorce him. The narrative continues with the husband navigating professional strain in his office, reviewing emails, and consulting colleagues, while further conversations unfold in quiet domestic spaces and an industrial transit setting, underscoring the deep emotional and financial rift destabilizing their relationship.","The video depicts various small groups engaged in social and formal interactions across multiple settings. Initially, an encounter outdoors or near a vehicle features several individuals in black suits standing together, interacting with a person in a red jacket holding a bag who touches or holds onto one of the suited figures standing beside a car. 

Subsequent indoor gatherings show individuals conversing and interacting in both casual and professional arrangements. At a counter, individuals in black jackets and a green jacket converse while another in a gray shirt observes. Other scenes capture seated and standing groups, including figures in blue and white shirts mingling with those in suits and green tops. Interactions include people speaking to one another, exchanging looks, and occasionally making physical contact, such as a person bending down in white sneakers touching another seated in a grey t-shirt. A smiling person in a green jacket appears among others in black and white shirts, while another scene captures an exchange where someone wearing a green sweater speaks with individuals in gray and blue shirts.

Later segments show further groups gathered closely in conversation. In one instance, individuals in dark suits and black jackets stand beside one another, exchanging glances. Finally, an individual in a jacket converses directly with a companion wearing a backpack, the two facing each other as one speaks.",artifacts/runs/v4_260922/extraction/summaries/desc_qwen/microlens_100k_00005.json,artifacts/runs/v4_260922/extraction/summaries/graph_qwen/microlens_100k_00005.json,06fa5ac6f6ee0685dc42a6b142cda00bb96d556ee3628f5cd657099719292cae,415fec67ba0ffedc8ef56cd8cfb45ebb589dd699f9ba022d5e22e7c92dbbd350
6,microlens_100k_00006,부분 손실,M,"C,R","음악 무대와 스튜디오 컷, 수중 리본 춤과 조명 연출",라이브 공연과 의상·마이크 보존,수중 공연과 무대 분위기 약화; 다른 공연 인물들을 함께 상호작용하는 집단처럼 서술,"This compilation highlights an array of music performances, studio segments, and dramatic cutscenes from various shows. The video opens with conversational studio footage, showing a woman in a denim jacket looking at her phone alongside interactions between a man in a yellow jacket and a woman in a white blazer. It periodically cuts to a recurring, stylized figure in a black hoodie with a glowing, pixelated face framed against neon-lit brick walls. 

Major performance sequences unfold across vibrant stages. One segment features a man in an embroidered black jacket alongside vocalists on an elaborately lit set, followed by a woman in a red and blue floral dress singing passionately against deep blue stage lighting. Interspersed with these musical moments are artistic, fantasy-style visuals, including a costumed figure dancing underwater with flowing ribbons and plunging into water. 

Other performance settings include a formal concert hall where a man in a black tuxedo sings into a microphone amidst glowing stage patterns and dramatic spotlighting. Additional stage moments feature a man in a white suit and a masked woman in a white dress, paired with fleeting glimpses of a woman in a white robe and a video game character in armor. Throughout the sequence, the video weaves casual backstage or studio reactions—such as the woman checking her phone—with high-energy, emotionally expressive live stage vocals.","The video captures a mix of casual interactions, staged scenes, and live musical performances. In relaxed offstage moments, several individuals gather together; one person in a denim jacket is frequently seen looking at a phone, while others nearby converse, smile, sit in white attire, or make peace signs while wearing a black hoodie and mask.

The video also features theatrical and performance segments. A group of performers lined up beside one another—dressed in black jackets, a black dress, a black suit, and red and blue dresses—stand together while each holds a microphone. In other performance scenes, individuals in costumes engage dramatically: a performer in a red and blue dress and another in a white costume sing while interacting with and holding a masked figure in a black hoodie, accompanied by a person in a white dress. Additional theatrical moments show an individual in a white robe, a figure clad in black armor holding a weapon, and people dressed in black suits walking on stage and holding microphones as they perform.",artifacts/runs/v4_260922/extraction/summaries/desc_qwen/microlens_100k_00006.json,artifacts/runs/v4_260922/extraction/summaries/graph_qwen/microlens_100k_00006.json,4cb0e9def2ac62d1769262b9a37698752c87adfc5e183a3f17781f6e2deba258,8532346af895c57afa8c4ad3fe570c9b3f8a94e064cb8ec564b9f905146afebb
7,microlens_100k_00007,핵심 손실,H,"T,N,I,P","무술 대결 뒤 연합 수장 추대, 피습·감금된 지인 소식",애니메이션 인물 모임·포옹·외모,"승패, 권력 재편, 구조가 필요한 지인과 후속 사건의 연결 소실","A dramatic comic narrative unfolds around a high-stakes gathering of powerful families in the Northern State, rife with internal conflict and corruption. Amid a tense assembly in a public space, a pink-haired martial artist unleashes a surge of chi energy, moving with blinding speed to overpower Wu Baoqi, who ends up hurled into a distant tree to the shock of onlooker martial artists. Following the display of overwhelming strength, an elder in a red and white robe—the family patriarch—solemnly bows in gratitude and respect to the victorious protagonist. 

Addressing the gathered clan members, the elder reflects on the region's history of internal strife and proposes establishing an alliance council under a unified leader. Key figures, including an older man and another passionate speaker, engage in intense discussions to elect the alliance head, drawing reactions from nearby attendees like a blue-haired woman. The central young man, dressed in a formal suit with a red bow tie, accepts the weight of these developments with quiet determination, interacting with allies and family figures as he assumes a pivotal role before departing by car. 

Later, a mobile phone notification delivers alarming news that an associate named Su Jiaqi has been attacked and confined. A man reflects somberly on the crisis before reuniting with an upset blonde woman in a pink dress, holding her close as she tearfully confides in him about her confinement.","The video features a series of animated interactions involving groups of expressive characters. In an initial gathering, five figures stand side by side; among them, a brown-haired individual raises a fist while another shouts, accompanied by a gray-haired person, a speaking white-haired figure, and another with blue hair. The dynamics shift as a robed person with white hair, someone in a black suit, a person with raised hands, and an individual in a red bow tie stand closely together, linked in a chain of holds.

Emotional exchanges continue as figures in red jackets and green shirts shout while a white-haired character speaks. Nearby, a brown-haired person whispers to a blushing companion with blue hair. Formal interactions follow among a group in elegant attire: an individual with black hair, purple eyes, and a tuxedo stands alongside a white-haired companion in a red vest. They interact with a blue-haired person in a blue dress and another figure in a black jacket, who converse as the person in the black jacket extends a hand. Finally, the scene transitions to an entangled group holding one another while seated, including a blonde person in a pink dress, figures in black shirts, and an individual wearing a white shirt, glasses, and a mustache.",artifacts/runs/v4_260922/extraction/summaries/desc_qwen/microlens_100k_00007.json,artifacts/runs/v4_260922/extraction/summaries/graph_qwen/microlens_100k_00007.json,8047b190b803252eee6036b67fcdeb86803e45ccb0176f70ff0ecda8d4777bbf,89c3fd26328ea9f8ef0aa066b86bd5876ff1346b1af104b193e3598bb4ebb8ea
8,microlens_100k_00008,부분 손실,M,"P,C",성게 손질 후 달걀물을 넣어 찌고 부드러운 성게 계란찜 시식,성게 등 해산물 준비·조리·시식,달걀물·찜 방식·완성 요리와 식감이 없어 레시피 정체성 약화,"A woman unpacks a box of fresh, spiky purple sea urchins sent by a friend. After she inspects the live seafood, a man in a green t-shirt steps in to help prepare them, carefully using a knife and tools to cut open the shells, remove the spines, and clean them out. Meanwhile, the woman mixes an unsalted egg wash in the kitchen. She then leaves briefly to purchase green onions from a market. 

Back home, she steams the sea urchins covered with the egg mixture in a wok over a gas stove. Once the dish is finished, it forms a creamy, savory custard garnished with freshly chopped green onions. Sitting down at a wooden dining table, both the woman and the man take turns tasting and enjoying the freshly prepared dish with spoons. As they eat, they marvel at the tender texture and fresh seafood flavor, playfully remarking on the labor-intensive cleaning process and high nutritional value of the meal.","The video follows the preparation and tasting of a seafood dish. Initially, a smiling person in a black shirt holds white boxes and picks up a wet, black sea urchin. Multiple people, dressed in black and green shirts, participate in preparing the seafood by cutting, stirring ingredients, and handling bowls and sea urchins. 

A person wearing a black shirt and blue jeans continues the culinary preparation in a kitchen, standing near a black stove and opening a white cabinet with louvered doors. They pour ingredients onto a striped plate, inspect and pick up green onions, and interact with various items in the space, including sitting on a bench and holding a shoe. 

Once the food is served onto dishes, group members gather to eat. Individuals in black shirts—some with pearl trim—as well as people in green shirts taste the prepared meal using spoons, frequently gesturing toward their food and talking with one another as they share dishes from striped plates.",artifacts/runs/v4_260922/extraction/summaries/desc_qwen/microlens_100k_00008.json,artifacts/runs/v4_260922/extraction/summaries/graph_qwen/microlens_100k_00008.json,e0db4459efe5ab2c66db5a848889ed58b565c007a5a00fd6d2b59d5d25179237,ece55a0d6b9cf35849ef06c0a8529513c24420d16d53c64a7b94e40ad197175c
9,microlens_100k_00009,핵심 손실,H,"T,N,P","독에 중독된 환자와 수상한 독 치료, 도주와 변신",실험실 같은 곳의 인물·병·웃음·충돌,"중독과 치료 실패라는 주제, 의사의 행동 이유와 결과 소실","The narrative centers on an eccentric medical clinic or laboratory managed by a scientist in a white lab coat, blue cap, and goggles. The story begins with a crisis involving discarded soda, leaving a white, egg-shaped character and an elderly green creature in deep distress over what appears to be widespread poisoning. 

Inside the facility, marked by medical signs and cluttered with jars, bottles, and various chemical substances, the scientist attempts to treat afflicted creatures. Among the patients are blue fish-like beings, a banded crab wired to medical equipment, and an agonized green frog-like creature. Rather than offering conventional remedies, the scientist employs a bizarre and dubious method of treating poison with more poison, administering questionable vials and pills alongside a green, bearded colleague. The distressed patients react with fear and confusion as their treatments yield alarming results, leading to further physical anguish.

The situation escalates outside the facility as patients and family members interact with the practitioner. A manic, grinning monkey character attempts to flee without paying, ultimately taunting the doctor by claiming that he, too, has been poisoned, plunging the scientist into panic. Soon after, a distressed young boy collapses near the doorway, prompting the doctor to hastily offer treatment before realizing he made a severe error. Amid a blinding flash, a dramatic transformation occurs, leaving behind a renewed, silhouetted figure. The sequence concludes at night, where a calm figure in sunglasses and a jacket watches the grinning humanoid run off near a glowing dome-shaped structure.","The video follows various characters interacting in laboratory-like and domestic settings. Initially, a doctor wearing glasses and a blue cap observes a crying figure with a white body, who lies on the floor holding an open pink box beside a yawning, green-faced individual. The setting then shifts to a room with several figures, including red-skinned and green-skinned characters, where individuals hold glassware like jars and flasks or sit near a door. 

Subsequently, groups of characters in white coats—some wearing blue hats, others sporting glasses—interact in professional or clinical environments. They are seen holding devices, raising hands, smiling, and laughing together while gathered closely. In another sequence, green-skinned figures in white shirts become embroiled in conflict alongside a blue-haired individual in a lab coat, with one green-skinned person attacking another while others hold on to each other. 

Elsewhere, individuals dressed in pink gowns and white clothing stand together carrying pink and blue items. Finally, outside a house featuring illuminated windows, a person in a white lab coat stands in the doorway while another figure in a white shirt runs toward the building, passing by someone wearing sunglasses and a blue cap.",artifacts/runs/v4_260922/extraction/summaries/desc_qwen/microlens_100k_00009.json,artifacts/runs/v4_260922/extraction/summaries/graph_qwen/microlens_100k_00009.json,27a6c744c6fcb42318ff47b14d828b37dc4502b2a2cc3a0dcdbd493d9b4363f7,67a96c736ef6ce279a772816bafd8831189bfd854a38bd8efeca2410dc000ba0
10,microlens_100k_00010,핵심 손실,H,"N,I,C,R","슈퍼히어로와 아들의 관계 공개, 대중 환호와 위기",슈퍼히어로·아이·복장별 사람의 접촉,부자 관계와 환호→위험 전환 소실; 동일 의상 영웅이 서로 안는 복수 인물로 등장,"A man in a blue superhero costume with a red cape engages in a personal moment with a young boy wearing a striped shirt in a suburban backyard with a pool, speaking to him while holding a baseball glove and revealing that the boy is his son. The superhero is later seen smiling before a supportive public crowd holding signs in a community setting. 

Interspersed with these interactions are brief, high-tension action sequences. These rapid moments depict a figure caught in a bright red burst of energy, someone gripping a metallic weapon, a bearded man in a green armored suit grimacing in distress, a suited figure crashing through shattered glass, and two men conversing intensely in a coolly lit room.

The superhero is then shown smiling confidently in a busy urban gathering alongside the young boy, who wears a red plaid shirt. Amidst the crowd, an alarm of impending danger arises, leading to a sudden, chaotic shift that leaves the boy watching the unfolding situation with concern and curiosity.","A person dressed as a superhero in a blue suit with a red cape stands beside someone in a striped shirt while talking to and looking at a child wearing a red and white shirt. The superhero also holds another individual in an identical blue suit and red cape costume. 

Nearby, a person in a black jacket stands beside a crying figure in green armor. Someone in a red plaid shirt walks alongside a person in a blue suit and holds both the person in the black jacket and the one in green armor, while another person in a red shirt stands beside the walking individual in the blue suit. 

Later, a person with blue hair smiles while standing beside someone in a red shirt. The person in the red plaid shirt holds and looks at the blue-haired person, who returns the gaze, as another person in a red shirt stands nearby holding a phone.",artifacts/runs/v4_260922/extraction/summaries/desc_qwen/microlens_100k_00010.json,artifacts/runs/v4_260922/extraction/summaries/graph_qwen/microlens_100k_00010.json,231c104c3f322dd56491ec5e9f48df4258c59be773e6a2d9c7c9d361c5640b8b,3466648ef0e1572c767c0c5e0f5422deb0962887fec2c07d3a666f2c828cd5e4
11,microlens_100k_00011,핵심 손실,H,"N,I,P",노련한 무술가가 힘센 상대의 손목을 제압하고 검은띠 수여,도복 입은 여러 사람들의 혼전,"기술이 힘을 이기는 대결 구조, 스승 역할과 승패·인정의 결말 소실","The animated sequence depicts intense martial arts confrontations set within a traditional dojo and training hall. A central figure is a heavily built, dark-complexioned martial artist wearing a red-and-white patterned garment or white gi, frequently distinguished by facial markings or bandages on his cheek. In early sequences, he displays immense physical power, confidence, and sheer strength, at one point grappling with a struggling opponent and in another instance being seen screaming or lying in distress as others react to the confrontation.

Within the training hall, observers line the tatami mats beneath fluorescent lights to watch decisive matches unfold. In one bout, a younger practitioner delivers a powerful, high-impact strike that sends a larger opponent sprawling in pain. The action culminates in a tense physical showdown involving an older master figure, Goki Shibukawa, and the powerful challenger, Olba. Despite the massive fighter's aggressive attempts to overpower his adversary, the elderly martial artist counters his strength through disciplined technique. The struggle results in the muscular fighter experiencing intense pain and shock as his wrist is forcefully neutralized. Acknowledging the outcome, the older master smiles and presents a black belt, formally certifying the defeated fighter within their martial arts tradition.","The video depicts a series of intense, chaotic confrontations involving martial arts practitioners and onlookers. Initially, a person in a smiling, red-patterned robe is restrained and held by shouting individuals, including one in a white robe and others with black hair and blood visible on their faces. Nearby, people in green jackets speak while someone with brown skin shouts and another person in a red-patterned shirt screams amid ongoing physical struggles. 

The scene transitions to an encounter involving individuals dressed in martial arts attire. A person with a bandaged face smiles, and someone in a red jacket laughs, standing beside figures in white gis, one of whom adjusts and pulls up a shirt. A smiling bald individual pulls at a muscular martial artist in a white gi as multiple muscular fighters begin attacking and grappling with one another. 

The combat intensifies as a person in a brown uniform executes dynamic martial arts maneuvers, striking at individuals in white uniforms who are kneeling or lying on the ground, all while an observer in a green jacket looks on. Further confrontations erupt among practitioners wearing white gis and black belts as they shove, push, and confront each other. Ultimately, a group of individuals all clad in white robes display varied reactions—grimacing, staring with wide eyes, and smiling—as they make contact, hold, and stand close to one another.",artifacts/runs/v4_260922/extraction/summaries/desc_qwen/microlens_100k_00011.json,artifacts/runs/v4_260922/extraction/summaries/graph_qwen/microlens_100k_00011.json,d1f530732a43bad548d3ea1e609ccf017e1c97fdac60b9644ef61fba4bc2315d,caf551467d71ea34c50c340dc3a2fce4c03a6e2c6cbc59d5e6e626a4d3f0eb54
12,microlens_100k_00012,부분 손실,M,"T,P,C,R",귀 청소와 편안한 개인 감각적 돌봄,귀 근처 접촉·제품 사용·여러 명이 함께 잠듦,면봉 귀 청소의 목적과 차분한 분위기 약화; 혼자 쉬는 장면이 공동 취침으로 변경,"The animated video depicts moments of gentle personal care and quiet introspection centered around ear cleaning. Initially, a young woman with wavy brown hair, blue eyes, and a headband carefully cleans someone's ear using a cotton swab. Her expressions shift from thoughtful to warmly smiling, showing affectionate enjoyment as she tends to a companion with a robotic appearance and later cleans a small dark surface with the swab. 

The focus then shifts between detailed close-ups of care products and another young woman with long dark hair. Hands are shown interacting with various items, including a light blue container of hand cream, a dollop of white lotion, small rounded objects, and components pressed together from a box. Wearing a white shirt and blue earbuds, the dark-haired young woman is seen in simple indoor settings—first standing in front of a yellow curtain, then sitting on a tatami mat surrounded by books, a plant, and a telescope while examining a handheld device. 

In subsequent scenes, she lies down comfortably with her eyes closed in a calm, softly lit room. Holding a small blue object near her ear, she exhibits a gentle, contented smile and a relaxed demeanor, appearing joyful and absorbed in the soothing, solitary sensory routine.","The video depicts a series of close interactions among several individuals. Initially, figures with brown hair and blue eyes interact intimately, blushing as they hold, touch, and insert an object near another’s ear while a person wearing a gray mask looks down at them. Later, a person with short brown hair and blue eyes and another with long black hair wearing blue earphones each hold containers marked with blue text. 

The focus then shifts to people with black hair in white shirts and blue shorts holding one another. Hands clad in white gloves are seen opening a box, squeezing out a substance, and handling a device while someone with black hair sits nearby on the floor. In the final scenes, individuals with black hair—some wearing white shirts and earphones—interact while reclining, with one raising their arms to hold another before they are seen lying down and sleeping together on a bed.",artifacts/runs/v4_260922/extraction/summaries/desc_qwen/microlens_100k_00012.json,artifacts/runs/v4_260922/extraction/summaries/graph_qwen/microlens_100k_00012.json,ac1dafbca58efeee68148e3cc3687b1e838e2828bcd224a8ff0cf28aa55c293c,543fdd43aa03cb932925837e7f7d900fd601ad4a96237ebcc66c438dc3db4054
13,microlens_100k_00013,핵심 손실,H,"T,P,N",농구 모바일 게임의 레벨 상승·자원·라인업·승리,농구 관련 인물 라인업과 드리블,"게임 매체, 88→90 성장, 자원 관리와 승리 결과 소실","A player showcases their progression and gameplay in a basketball simulation mobile game. The video opens on menu and profile screens where the player reviews their character, an advanced guard who advances from level 88 to 90 with specialized passing and footwork skills. The player navigates through substantial amounts of accumulated in-game resources, awards, and gift packages before selecting a roster composed of prominent NBA stars. 

The focus then shifts to live gameplay set within an ornate, vibrant arena heavily decorated with traditional Chinese festive motifs, including banners, lucky mascots, white bears, and lion statues. The action plays out on a red court, featuring virtual controls for actions like passing, shooting, and defending. Various player characters in red and green jerseys contest high-intensity matches, actively dribbling near the basket, setting up plays, and defending against opponents. Scoreboard updates document competitive back-and-forth action as the teams exchange points from an early 2-2 tie up to an 11-9 lead, culminating in dynamic play that ends with a victory screen.","The video focuses on various individuals engaged in basketball-related actions and lineups across multiple sequences. Initially, several players are presented with associated level ratings, including figures in a white jersey, white jacket, blue shirt, and red shoes interacting through selecting and receiving actions. 

This transitions into group formations and court play featuring diverse athletic attire. In a lineup, players in red jackets, a white jersey, and a blue shirt stand side by side, with some holding basketballs alongside an individual wearing a red headband. 

Subsequent scenes capture active gameplay. Across the court, individuals in a wide variety of uniforms—such as green shirts, black and white outfits, red uniforms, and yellow and black kits—engage in dribbling, holding basketballs, and shooting. They are accompanied by figures in red jackets and blue outfits who stand nearby or participate in the flow of the drills. Later sequences also include an individual dressed as a white bear standing directly on the court alongside players in red, green, and black-and-yellow gear as they continue dribbling and handling the ball.",artifacts/runs/v4_260922/extraction/summaries/desc_qwen/microlens_100k_00013.json,artifacts/runs/v4_260922/extraction/summaries/graph_qwen/microlens_100k_00013.json,049cf8392026afe4bca7573b25d3a8efa83e6ed9cb9c6c80a9b6b1630c3f59d0,9c77a291c11a30822d625466be0e031316989f0bee59f04efd77aeb14fd039bf
14,microlens_100k_00014,핵심 손실,H,"P,N,R",배틀로얄 이동·파밍·엄폐·수류탄으로 마지막 적 처치 후 승리,차량 주변 플레이어 움직임과 마지막에 플레이어 사망,전술·보급·차량 사고 약화; 최종 승패가 desc와 반대,"A player controlling a female avatar with vibrant pink hair navigates tactical battle royale matches in a game resembling PUBG Mobile. The gameplay focuses on vehicle travel, resource management, and strategic combat across rural landscapes, open fields, and modern facilities. 

Throughout the match, the player frequently uses various vehicles, including a military-style SUV, a customized hovercraft, and a white sedan, to cross dirt roads, bridges, and rugged terrain. Driving often leads to chaotic incidents, such as getting stuck on obstacles, flipping a car on a bridge, and crashing into water. Outside vehicles, the player moves between indoor complexes and open countryside, entering buildings to scavenge supplies, loot supply chests, and navigate around incoming play zones.

Combat encounters range from intense indoor firefights involving smoke grenades to long-range sniper duels across open hillsides. The player utilizes cover behind large rocks and trees, aiming scoped rifles at distant opponents and engaging in trades of gunfire and explosives. In the endgame, the player takes a crouched position near a blue vehicle and rocks on a grassy hill, tracking remaining enemies concealed behind trees. By launching a well-placed grenade toward an opponent's cover, the player detonates the explosive and eliminates the final targets. The match concludes successfully, with the end screen celebrating a high-ranking victory and a dozen eliminated opponents.","In an outdoor environment featuring roads and buildings, multiple players navigate the map using various vehicles, including an orange and black car, a blue and yellow vehicle ridden by a player in a blue helmet, and other cars driving nearby. 

Throughout the match, players—many sporting pink hair and wearing distinct outfits such as camouflage, white clothing, red jackets, and orange armor—regularly group together, run across the terrain, and carry weapons. Players frequently interact around parked and moving vehicles, with several white, blue, and black-and-green cars traversing the grass, roads, and hills. In some instances, players engage in skirmishes and maneuvers near these vehicles, including one player driving a car that pushes against another vehicle stuck in mud before approaching a building. 

Later, players in colorful and orange attire gather near stationary blue and white vehicles to talk and take aim across the landscape. The confrontation culminates on a grassy hill near a large tree and a parked blue car, where a pink-haired player takes position, aims, and throws a grenade before ultimately being killed by another player dressed in an orange and white outfit.",artifacts/runs/v4_260922/extraction/summaries/desc_qwen/microlens_100k_00014.json,artifacts/runs/v4_260922/extraction/summaries/graph_qwen/microlens_100k_00014.json,aed7911f0de83b080f1d01353e1b41f883386e3210ee73afe978e1a3ffca9753,1c813e94a30c67fc61f704bbc5c5f4881a5ae99e008abddf6b521f598061a330
15,microlens_100k_00015,핵심 손실,H,"T,C,R",한 여성의 눈물과 사랑·헌신을 잃은 후회 자막,두 사람이 함께 울며 서로 잡음,상실과 사랑이라는 감정 주제 소실; 단일 인물→두 인물 차이,"In a dimly lit room, a visibly distressed young woman with long, multi-colored braids conveys deep sorrow and vulnerability. Wearing a black top and a black arm sleeve, she has tears streaming down her face and holds her mouth slightly open as though crying or speaking. In an emotionally charged gesture of pleading or emphasis, she raises her right hand and points her index finger forward. 

She is positioned against a dark, paneled wall decorated with a studded border and a framed picture. Throughout the scene, accompanying on-screen text emphasizes a poignant theme centered on love, deep emotional attachment, and the regret of losing someone who offered absolute devotion.","Two people with long hair stand side by side, both visibly crying. As they stand together, one of them holds the other while pointing toward them.",artifacts/runs/v4_260922/extraction/summaries/desc_qwen/microlens_100k_00015.json,artifacts/runs/v4_260922/extraction/summaries/graph_qwen/microlens_100k_00015.json,b6d4b392964b817db578fc7ecee637d40cb26f207f96348f4163907e874f0d75,43bcb239398cb6f0b5e9b27ed4393bafbc40e6eaa703390fb35cf743820e1026
16,microlens_100k_00016,핵심 손실,H,"T,N,I,P",강제 결혼·독살로 생긴 원혼을 구하고 혈약을 맺는 서사,붉은 옷·관·밧줄·공중 전투·침실 대화,"원혼의 과거, 구제와 계약의 목적, 도구 기능과 인물 관계 소실","The narrative follows a supernatural drama centered on a tragic female ghost named Xuanhua and a young man named Lin Feng. Xuanhua’s past unfolds first: after being forced into an unwanted marriage, she was poisoned by her own parents, transforming through intense hatred into a vengeful, red-clad demon bound to an ornate coffin and a magical canopy. 

Lin Feng soon encounters this phantom realm, navigating chaotic attacks of swirling red ribbons and threads. Discovering that Xuanhua is trapped in a destructive cycle of death and rebirth, he uses mystical tools—including ghost ropes, a pair of combined combs, and an extinguished bottle—to survive relentless spirit attacks, dispel destructive flames, and free her from her torment. Their alliance is further cemented in battle against a monstrous, multi-limbed entity adorned with green lanterns; working alongside a powerful red-robed cultivator, the creature is obliterated in a blast of fiery energy. 

Following the victory, Lin Feng forms a formal blood pact to bind the A-grade spirit to himself. Xuanhua uses his blood to seal their contract, and the two later share a quiet, lengthy discussion in her quarters. As the journey expands into a vast and unfamiliar ancient forest, Lin Feng investigates the mysterious forces behind a spectral carriage. Afterward, his interactions shift into another tense, emotionally charged dynamic when he meets a confident, purple-haired woman. She playfully presses him on how he plans to repay her, leading into an intimate encounter between the two in a secluded bedroom setting.","The video centers on dramatic interactions among several recurring figures, particularly individuals in crimson or dark attire and distinct animated characters. Initial scenes depict somber and ritualistic gatherings, where figures in red robes stand around a coffin, with one individual lying on the ground, another standing atop the coffin, and someone adorned in a golden headpiece nearby. 

The focus then shifts toward a sequence of dynamic conflicts and confrontations involving distinctive figures, including characters with black hair and yellow eyes, another with white hair and red ribbons, and others in red cloaks or dresses. In airborne and high-energy moments, figures leap and fly, while one white-haired person holds a rope and attempts to attack another person in dark clothing, who is targeted alongside a yellow-eyed individual. Throughout these encounters, figures in red robes react emotionally, turning away and crying or running. Ritual elements reappear with an individual in a white dress holding lanterns alongside a staff-wielding figure in a red hood.

Subsequent encounters show tense, intimate exchanges. Figures in red robes with long black hair and red nails physically interact and exchange focused gazes with a yellow-eyed individual in a red headband and a person dressed in a black jacket with a white shirt and bow. Conversations follow as a purple-haired individual in a white shirt observes and speaks near the yellow-eyed character and others in red jackets. Finally, the scene transitions to a quiet, indoor setting where a purple-haired person in a pink jacket stands beside figures in blue robes seated on a bed, keeping watch over a person with long black hair resting in a red outfit beneath a blanket.",artifacts/runs/v4_260922/extraction/summaries/desc_qwen/microlens_100k_00016.json,artifacts/runs/v4_260922/extraction/summaries/graph_qwen/microlens_100k_00016.json,8e76efd016f82a4012747ba529b8e1eec3c4395c863775644cd75021a28e00ca,d8fa815af7e2eb7d34e826721e4aad0dbb760ce9bd22c3edca50b6154c0a51cd
17,microlens_100k_00017,부분 손실,M,"P,C","울트라맨 카드 개봉, SSR·HR·UR 등급과 중복·뽑기 운 평가",울트라맨 카드 개봉·전시와 SR 언급,세부 희귀도·홀로그램/3D/양각 차이와 뽑기 평가가 약화,"Outdoors on a sunny wooden deck, a person discovers and examines a scattered pile of colorful Ultraman trading cards alongside several black diamond packaging boxes and tins. Finding some of the boxes empty, they gather the materials and at one point use a net to retrieve a dropped item from an adjacent pond.

The focus then shifts indoors to a tabletop where the person systematically unboxes and evaluates various sealed packs from the collection. Throughout the process, they open multiple booster packs to reveal a range of character cards, including holographic, 3D, and embossed versions with various rarities such as SSR, HR, and UR designations. Handling each card up close, they assess the quality of their pulls, noting familiar duplicates, pointing out specific figures, and expressing mixed reactions about their overall pack-opening luck before displaying their final cards to conclude the session.","The video focuses on various people opening, sorting, and showcasing collectible Ultraman trading cards and card packs across different indoor and outdoor settings. Outdoors, individuals are seen standing on a deck, on rocks, and by the water, where they hold up cards, gesture to one another, and use a fishing net to retrieve an object. In several instances, people examine cards bearing different Ultraman characters, including blue, white, and black-and-gold designs, while also organizing decorative boxes and reading notes. 

Throughout the video, hands frequently tear into silver, red, purple, and black packaging to unwrap and reveal newly opened cards. Collectors sort through various booster packs and storage boxes, placing packs inside decorative black-and-gold containers or pulling cards from them on a wooden surface. Multiple individuals in black or blue shirts display and compare their card pulls, including Super Rare (SR) cards, as well as distinct gold, silver, and red-and-white character designs. Each segment highlights the process of unboxing, holding, and presenting the wide variety of collectible cards to the camera.",artifacts/runs/v4_260922/extraction/summaries/desc_qwen/microlens_100k_00017.json,artifacts/runs/v4_260922/extraction/summaries/graph_qwen/microlens_100k_00017.json,8f962bddfe2c3581a7a7ad5816442c2352f942469e0e552eef2751c06d171df9,14af3ba547e94fc1e2107ba7c4de97cab7703248627b8f7685d048976ab36b32
18,microlens_100k_00018,핵심 손실,H,"T,P,C,R",음침한 방의 남자가 내부에 작은 공간이 든 붉은 상자를 조사,여러 사람이 종이·책·상자를 함께 취급,상자의 기이한 내부와 서스펜스 소실; 인물 수와 동석 구조 차이,"In a dimly lit, grimy, and stark room, a bald man wearing glasses and a dark jacket sits reading a piece of paper in deep contemplation. With a serious and focused expression, he gazes off-screen before interacting with an open red box. Reaching a hand inside the box, which reveals a miniature dark space containing a chair and other objects, he inspects the interior, places it down, and stands over it in suspense. 

The tense narrative continues in another dark, confined setting illuminated by a small, flickering light source. A weary man marked by grim determination holds a red-covered book or folder beneath a looming metallic object or machine. Looking intently forward as if confronting a critical crisis, he reaches into an open drawer filled with small, disorganized rectangular containers to throw the boxes inside.","A group of people wearing dark jackets gather together. While one person reads a paper and looks at a companion holding a pair of glasses, another stands beside a box and reaches inside it as someone holds onto them. 

Separately, two individuals hold books and open boxes. One person in a gray shirt holds and looks down at an open red box, while the other holds and looks into an open blue box.",artifacts/runs/v4_260922/extraction/summaries/desc_qwen/microlens_100k_00018.json,artifacts/runs/v4_260922/extraction/summaries/graph_qwen/microlens_100k_00018.json,1d04913c40daea7b5229458fac3a811bf2f9c9a427a84609fb4ba607997f40f3,76adbaad5b1f1f0142f7070f304622ee68d05cdaf0ac9ce865e6963506a9e83c
19,microlens_100k_00019,부분 손실,M,"N,I,C",갇힌 고위 여성의 부상과 남성의 충격·애도,사슬·피 묻은 부상자·안아 주는 행동 보존,"신분, 사건 악화 과정과 비극·애도 정서 약화","In a dramatic historical or fantasy narrative set in a rustic environment of wooden structures and straw, a high-status woman faces profound distress, captivity, and violence. Initially dressed in elaborate attire and an ornate headdress, she is confronted with intense anger and hostility by a man, displaying a mixture of sorrow, pain, and defiance while being held captive. In another moment, she is seen smiling with amusement in her fine garments near a man seated on a bed. 

The sequence escalates into tragedy as the noblewoman is severely injured, lying on the ground covered in blood with a darkened, wounded face while dressed in a yellow patterned garment and holding a bloodied blade. Nearby men react with profound shock, contemplation, and despair, with one holding his head in anguish. Eventually, a man in a red and black robe, his dark hair blowing in the wind, approaches her with intense shock and concern. He gathers the wounded woman into his arms, resting her head against his shoulder as his expression fills with deep sorrow, disbelief, and emotional turmoil over her condition.","A person with a bloodied face lies on straw against an individual in dark clothing who holds their head. Nearby on the ground, another person in dark clothing sits beside a smiling figure adorned with an elaborate headdress. 

The scene shifts to a captive in a brown jacket held in chains, observed by several bystanders including someone wearing a blue scarf and another in a white shirt. Also present are a smiling person in a red dress and two individuals in black hats who converse with one another.

Elsewhere, an injured person in a yellow robe with blood on their face lies on the ground, cradled by someone in a red jacket. As the wind blows, another figure in a red jacket stands beside them, accompanied by an individual in a white shirt who raises a hand.",artifacts/runs/v4_260922/extraction/summaries/desc_qwen/microlens_100k_00019.json,artifacts/runs/v4_260922/extraction/summaries/graph_qwen/microlens_100k_00019.json,763cc242b5653b567c35c4482d38cbfda07c78901cf31eee83067bd7cc8e7680,31eab6566b49c2a55a34423b4ac1c2da88c1bfd9569a4785ce2d0db71756f4bd
20,microlens_100k_00020,핵심 손실,H,"T,I,N,C",요정들의 모임과 중심 소녀의 마법 변신·힘 각성,흰색·분홍·금발 인물들이 손잡고 서 있음,"요정 정체성, 마법 지팡이·각성과 빛·입자 효과 소실","The animated video depicts a gathering of magical fairies surrounded by glowing, vibrant energy. It opens with two winged fairies holding hands against a soft pink backdrop—one with white hair in a light blue dress and the other with pink hair in a dark blue dress. The perspective then widens to reveal a larger group of distinct, colorful fairies gathered together. 

At the center of this gathering is a prominent fairy with golden hair and a pink dress, holding a glowing, ornate staff against a dynamic, star-filled background bathed in warm light. The sequence highlights this central young girl, styled with blonde twin buns, white flowers, a glowing red heart accessory, and expressive red eyes. Clad in a floral-patterned white and pink outfit, she radiates an intense aura of yellow and white light amid sparkling particles in a swirling pink and purple atmosphere, appearing joyful and awestruck as she undergoes a magical transformation or powers up.","A smiling person with white hair stands beside another person with pink hair, holding hands. Nearby, a white-haired figure carrying a sword holds and stands beside a glowing person who also has white hair. The scene then transitions to two figures who both have blonde hair, red eyes, and wear white dresses, standing close together as one holds the other.",artifacts/runs/v4_260922/extraction/summaries/desc_qwen/microlens_100k_00020.json,artifacts/runs/v4_260922/extraction/summaries/graph_qwen/microlens_100k_00020.json,5148168f924aa389932e49df4fd719ee847dcac68cef1bb1eb27be0d4e7aa120,bc61d8ce496be4313592e120681beebe5709d25e888f87d6e0478fbd16888d49
21,microlens_100k_00021,부분 손실,M,"T,P,C","한국식 고기구이 식당의 음식 리뷰, 다양한 고기·치킨·면 시식",구운 고기·소스·쌈과 식사 보존,"한국식 바비큐·리뷰 형식, 세부 메뉴와 식감·평가 약화","A young woman with long dark braided hair enjoys a meal at a Korean barbecue restaurant featuring warm wooden interiors and large windows. Seated at a table equipped with a central grill and a steaming black stone pot of soup or stew, she enthusiastically samples an array of dishes while talking to the camera. 

Throughout the meal, various cuts of meat—including pork belly and marbled beef—sizzle on the round grill, handled with tongs by both the diner and an assisting restaurant staff member. Accompaniments on the table include fresh lettuce, green chili peppers, cucumbers, garlic, yellow rice, and assorted dipping sauces. The woman eats grilled meat directly, skewers coated in thick savory sauce, and freshly prepared lettuce wraps stacked with vegetables and seasoned meat. In addition to the grilled cuts, she enjoys crispy fried chicken dipped in spiced sauce, alongside bowls of sauced noodles and cheesy noodles pulled directly from the hot cooking pot. Smiling, laughing, and gesturing throughout the dining experience, she tastes each item and shares her reactions before concluding her food review vlog with an upbeat gesture to the camera.","The video centers on dining experiences featuring grilled meats, sauces, and various side dishes. A woman with long dark hair, wearing a green dress or top, is prominent throughout as she smiles, gestures, and enjoys her meal. Early on, individuals use chopsticks and small silver cups or bowls containing sauces, spices, and noodles. A dining companion wearing a floral shirt assists with raw pork placed on a grill alongside a black pot, while the woman in the green dress talks about the meat and points toward dark brown sauce. Other individuals, some wearing black aprons, stand by the table holding tongs, plates of cooked meats, and side dishes.

As the meal progresses, the woman in green continues tasting different items, using chopsticks to wrap bites in fresh lettuce and sampling food from metal plates and bowls. Throughout the gathering, steaming pots and cups rest on the table, and participants share in eating and handling various dishes. The woman frequently smiles and eats while holding bowls, occasionally raising her hands and waving as she enjoys the food.",artifacts/runs/v4_260922/extraction/summaries/desc_qwen/microlens_100k_00021.json,artifacts/runs/v4_260922/extraction/summaries/graph_qwen/microlens_100k_00021.json,aa83802252320b6736b554ad870f90e3aaa1b2c467fece67d9356686e893aaf0,88274bcf92b367af222bbf1b716851477d376caa8e1c1cb477a10f2215db36f5
22,microlens_100k_00022,핵심 손실,H,"T,N,I,P","한국 궁중극, 왕과 여성의 정치·독살 위협·물로 시간 측정·시간 이동 암시",도포 입은 인물의 대화·접촉·쓰러짐,"왕·궁중 정치, 지적 과제의 해결과 시대 전환 소실","Set in a traditional Korean historical backdrop, the narrative follows intricate interactions between a king in an embroidered red robe, his royal court, and an inventive young woman. The story begins amidst scholarly pursuits, palace politics, and moments of tension. While scholars grapple with difficult calculations and diagrams, a royal figure engages with courtiers, listens to flute music, and reacts to sudden alarms within the palace. Alongside these formal duties, dramatic palace intrigues unfold: food is sampled under watchful eyes, a dangerous powder is covertly ordered into the king's meal, and political pressure mounts as corrupt ministers influence royal decisions. 

Interwoven with this courtly drama are lighter and more intimate encounters between the monarch and the woman. They chase each other through dimly lit halls, share playful cover-ups, and later play soccer at night in a courtyard. When the young woman experiences distress in an ornate palace room, the king catches and supports her as she falls. Facing an intellectual challenge imposed on her, she ingeniously calculates time by measuring water flow through bamboo, eventually arriving at the correct solution with relief and joy. 

The sequence culminates in a significant transition. After the king is seen lying exhausted or fallen outdoors, the focus shifts to the young woman, who is now dressed in a modern school uniform and carrying a red backpack. Standing under a thatched roof in a rustic village setting, she lingers with her feet beside a muddy puddle, poised on the verge of returning or traveling across time.","A person in a brown robe plays a flute while looking toward another individual, surrounded by figures in red robes who exchange smiling glances with a black-haired companion. The focus shifts to an energetic gathering where people in red jackets mingle; one raises a hand, another eats from a cup while standing beside someone shouting in a black hat, and nearby, figures lean over a table and look at one another as one holds a piece of paper next to a companion in a black robe. 

Tensions rise as figures in red robes embrace, while a person in a black robe speaks directly to individuals adorned in gold robes. Moments later, a person in a blue robe falls while being held by a companion in a red robe, surrounded by others standing and sitting in white robes, red robes, and black hats. 

Outside or in an open area, people in red jackets stand and kneel, accompanied by a person wearing a black hat who looks down as an individual in a blue shirt walks toward them. Finally, a person in a red jacket lies fallen on the ground near an individual wearing a school uniform and carrying a backpack, while another figure wearing black shoes stands beside them in water.",artifacts/runs/v4_260922/extraction/summaries/desc_qwen/microlens_100k_00022.json,artifacts/runs/v4_260922/extraction/summaries/graph_qwen/microlens_100k_00022.json,4e64ca9d4a6617b066dd14d099c45ea31910c5588cdf4657d7e8d953fb5fff84,bacf57b228e0a6fa475b0ce5b2d0a9a5ab9fba3c24527b439f5287fe9c5f880b
23,microlens_100k_00023,핵심 손실,H,"T,P,N",배틀로얄 게임의 착지·파밍·엄폐·무기 교체·생존,분홍 장비의 무장 인물들 집결·공격·차량,"게임 매체와 생존 목표, 지형 활용·장비 획득 과정 소실","A player navigates a series of intense matches and tactical maneuvers across rural and mountainous battlegrounds in a battle royale game, likely PUBG Mobile. Distinctively outfitted in headwear such as a red or pink beanie or helmet, accompanied by a plush pink backpack, the character constantly balances mobility, resource gathering, and combat. 

Early gameplay features explosive encounters, including surviving a blast before parachuting directly onto a building, securing equipment, and promptly eliminating an opponent through a window with an M416 rifle. The player continues through various multi-story residential buildings, ascending staircases, utilizing indoor cover, and engaging close-quarters targets while observing nearby adversaries. 

Transitioning outdoors, the character maneuvers through rugged cliffs, open grassy fields, and roadside settlements. Utilizing the surrounding terrain, rocks, and trees for cover, the player scouts opponents from high vantage points and rooftops before advancing toward strategic locations. Along the way, they collect weapons and gear from supply crates and loot boxes, at one point acquiring an M249, and consistently target enemies using scoped rifles and ornate ranged weapons. Vehicles, including cars and trucks parked near residential structures, play a recurring role as objectives or transit options as the player scopes surrounding areas, interacts with parked vehicles, and pushes forward to secure kills and survive.","The video depicts intense combat and movement involving several uniquely outfitted characters. Initially, a gunfight breaks out where a person wearing a red hat shoots at someone in a white shirt, who jumps and lands near a crouching person in blue, while others fall during the clash. 

Subsequent sequences feature armed squads frequently sporting pink accessories, such as pink hats, backpacks, and bunny outfits, alongside other fighters in blue masks, green armor, or red jackets. Several characters carry rifles or other weapons, while some hold pink plush teddy bears. In multiple encounters, armed figures aim their weapons, run, and advance together in coordinated movement. 

The action also shifts across various environments with vehicles. Characters in pink hats stand near parked cars, including white and yellow models, while a black vehicle is seen driving. Later scenes feature a character riding a motorcycle, armed fighters standing beside one another, and another positioned on a rooftop. The armed figures in pink bunny suits and red jackets continue to group together and wield their weapons throughout the engagements.",artifacts/runs/v4_260922/extraction/summaries/desc_qwen/microlens_100k_00023.json,artifacts/runs/v4_260922/extraction/summaries/graph_qwen/microlens_100k_00023.json,f8ab578216f9ebde2b7e142654f5054c84cf6c46d40a538ff12d5a01b0235db1,b915ba5f7603eb693104195a08cb09719dbc6ac22db46c8543d9e3654dea1c1a
24,microlens_100k_00024,핵심 손실,H,"I,N,P,R",백곰이 조종실에 홀로 남아 비행기를 조종해 조종사를 구함,조종사·흰 새·조종사 모자 쓴 개·흰 털 인물의 모임,백곰의 정체성과 위기·구조 결과 소실; 동물 종류·인물 수 차이,"In an animated scene set inside an airplane cockpit, a small white polar bear wearing a pilot's cap is introduced to the controls by human flight crew members, including an older pilot with glasses and another pilot with a mustache. The crew interacts warmly with the bear, pointing out instruments and guiding him through the cockpit's functions. 

Shortly after, a flight attendant enters the cockpit to serve plates of pancakes topped with blueberries and whipped cream to the pilots, while the bear sits calmly between them observing the controls. Holding a plate of pancakes, the bear inspects the control panel with a skeptical expression, focusing specifically on the autopilot switch before the human captain steps away and leaves the bear alone with an incoming warning alert. 

Taking charge of the flight, the bear puts on sunglasses, firmly grips the yoke with both hands, and navigates the aircraft while watching another plane fly low over distant hills and water. After safely handling the situation, the bear interacts with the older pilot, who is seated on the cockpit floor. The bear holds a device and speaks with the surprised pilot, who expresses gratitude for being saved, while the bear watches him with concern.","The video depicts an aviation-themed sequence featuring crews of pilots and animal characters. Inside an aircraft cockpit, several individuals in blue uniforms—some wearing sunglasses or glasses—sit together, while a white bird rests on the control panel beside them. 

The scene shifts to a group gathered with pancakes. A person wearing a white shirt and a blue earring stands beside a pilot wearing glasses, accompanied by another pilot with a mustache and a dog dressed in a pilot hat, with each member holding a pancake.

Later, groups of white-furred characters dressed in flight attire appear together. In one gathering, they stand side by side wearing blue hats and jackets. Subsequently, another set of white-furred figures wearing sunglasses, caps, and pilot suits are seen sitting and standing close to one another.",artifacts/runs/v4_260922/extraction/summaries/desc_qwen/microlens_100k_00024.json,artifacts/runs/v4_260922/extraction/summaries/graph_qwen/microlens_100k_00024.json,08fd1e9300f6378755d259ae7aa1728ba1c516be3b94b852e1216282d8aae8ec,a56588820f9bf4a8394735ac6d6a8071c07301290878bf66266cdd7fd3bcaab7
25,microlens_100k_00025,핵심 손실,H,"I,N,T,R",포니들의 병력 준비·명상·반성과 공동 계획,색색의 코트를 입은 인물들이 나란히 모임,"포니 정체성, 명상과 전투 준비·연설 목적 소실; 털색이 옷처럼 묘사됨","The video follows groups of ponies engaging in preparation, deep contemplation, and strategic discussions across fantastical settings. Initially, an armored yellow commander rallies a troop of armored ponies in a courtyard before presenting the assembled forces to Applejack, Twilight Sparkle, and other companions in a colorful crystalline landscape. Nearby, another group featuring a horned purple guide and an armed blue pony with a braided orange mane discusses an impending conflict. 

The focus repeatedly turns toward quiet meditation and emotional reflection. In tranquil indoor spaces, such as a peaceful hall and a cluttered workshop, ponies practice meditating on mats to release inner troubles. Among them, a small crowned orange pony meditates serenely while observed by companions, including a bearded blue pony holding drums. 

The characters continue their solemn exchanges in dimmer quarters, gathering around a counter inside a cluttered shop. Here, Applejack and a blue vendor converse with a light-blue warrior pony in a leather harness, each reflecting with sad, thoughtful expressions as small green leafy creatures appear on their heads. 

Finally, the narrative converges in cavernous, dimly lit chambers. Joined by her companion Spike, Twilight Sparkle steps forward to address an attentive and diverse audience of ponies near ancient stone pillars, sharing stories and plans that unite the group with renewed purpose and determination.","A line of armored figures stands side by side, predominantly clad in yellow armor along with others in gray, white, and blue suits, while one of the yellow-armored figures raises a hand. The video then transitions to various groups gathered in different arrangements. One group stands together, featuring figures distinguished by a blue mane as well as purple, yellow, and blue coats. Another group sits closely side by side, consisting primarily of figures in blue coats alongside one in an orange coat. 

In a subsequent gathering, multiple figures interact in mixed postures. A figure with an orange mane holds a staff and holds a person in a yellow coat who looks down toward the ground, seated upon a person wearing a blue coat, who in turn sits beside another standing figure in blue. Nearby, a smiling figure in a purple coat looks on while engaged in conversation with someone in a green coat looking directly ahead. Finally, another group gathers standing closely together, primarily wearing purple coats alongside a figure with a green tail.",artifacts/runs/v4_260922/extraction/summaries/desc_qwen/microlens_100k_00025.json,artifacts/runs/v4_260922/extraction/summaries/graph_qwen/microlens_100k_00025.json,7b8087ba85db26cd9a41f8c4172c5847d11414d332f14272106215b00f1ad3d9,f1fb70807c2a927bb8ff5cf2d8a9c261625f3581b615ade3cf0a226ef3b4e3e5
26,microlens_100k_00026,핵심 손실,H,"T,N,I",로봇의 인간 수색·재판·감금과 프라이 일행의 탈출,로봇과 사람의 집결·감금·쓰러진 로봇,인간 탄압의 세계관과 추격·재판·탈출 인과 소실,"In a bleak, post-apocalyptic landscape, an armed robotic force navigates desolate rocky terrain on an active search for humans. Bender investigates the surrounding ruins, examining a complex circuit diagram before finding the human Fry hidden within an abandoned facility. Bender later recounts a violent past involving the destruction of countless humans, adding to the tense atmosphere. 

The robots eventually track the characters down at another location, leading to a trial inside a malfunctioning courtroom where a judge slowly processes a verdict. Fry and Leela end up confined in a jail cell, ignored by the authorities. Nearby, Bender is brought into a dimly lit chamber to face hooded figures, who discuss strict rules regarding humans and treat them as resources. Bender handles a mechanical device while standing between the restrained humans and the council.

A confrontation ensues inside a dark, cavernous space where the corrupt elders threaten Bender, Fry, and Leela with laser weapons and mechanical arms. The trio manages to break away and flees across the rocky wastes toward their spaceship, only for Bender to realize on a small platform that an important package was never delivered, leading to him falling from the ledge. Elsewhere across the desolate terrain, numerous damaged and defeated robots lie abandoned amidst the barren wastes, while a surviving group of robots reacts with visible shock and fear toward an unseen threat.","A group of robots and people gather together, initially standing side by side. Among them are a silver robot holding a bat, a purple robot, several gray and pink robots, and individuals in white hats and shirts. Nearby, a silver robot stands beside armored humans, and another large-headed robot holds the silver robot. 

Meanwhile, several individuals wearing blue shirts, red jackets, and gray helmets stand nearby as a chain of people hold onto one another. Multiple captives—including individuals with purple hair, orange hair, and white shirts—are seated inside a jail cell. 

Later, a silver robot appears alongside hooded figures with green and blue faces, as well as a person in a red jacket kneeling and a purple-haired individual in a white tank top. The purple-haired person holds a device while standing beside the person in the red jacket and a pair of silver and gray robots. 

Finally, widespread destruction occurs among the automatons. A robot with a purple head stands with its arms raised while numerous gray- and white-bodied robots fall and lie scattered across the ground.",artifacts/runs/v4_260922/extraction/summaries/desc_qwen/microlens_100k_00026.json,artifacts/runs/v4_260922/extraction/summaries/graph_qwen/microlens_100k_00026.json,439a3d3eef1ceeb448b9e454388a51b85ac559feb2d67aa0eaa1967396db9d2a,a6e7ea25634602d408e85e1b133c1f068e89818806a1c16e780b9b77e92c7d80
27,microlens_100k_00027,부분 손실,M,"T,C,P",G318 여행자들의 시장 장보기·야영·족발 조리와 밴 생활,고기 손질·공동 조리와 식사,"로드트립·시장·캠핑·차박 맥락 소실, 조리와 식사 자체는 유지","A group of young travelers, wearing matching red vests marked with the National Highway G318 logo, embark on a road trip accompanied by a large white supply truck. During their journey through mountainous regions, members of the group visit a bustling local outdoor market filled with stalls, where they explore traditional goods, interact with vendors, and participate in a chance-based board game. While at the market, they purchase large animal trotters, likely pig’s hooves, discussing the preparation requirements with a vendor. 

Setting up camp outdoors beside their truck and vehicles, a traveler in a red vest prepares a substantial stew. He cuts the hooves with a cleaver and simmers them in a large metal pot along with vegetables, broth, seasonings, and chili paste. Once thoroughly cooked, the rich stew and meat are portioned out into bowls, some paired with instant noodles, to create a communal meal. 

Gathered outdoors around a table, the group enthusiastically eats the cooked meat, chatting and discussing the meal. Later, they continue sharing food inside a van converted into a living space, casually conversing in a relaxed atmosphere. The trip day winds down with the travelers resting, including a brief glimpse of someone beside a small fire and a young man lying down to sleep inside the van.","A group of people, many wearing red vests or jackets and some wearing hats, gather together to prepare and share a meal. The food preparation centers around pork legs on a table, which are handled by a person in a red vest and hat while others in brown and pink shirts stand nearby, one holding a phone and observing alongside a standing striped cat. The meat is washed in a sink, placed into a pot, and soaked. 

Cooking continues as someone in a red jacket cuts the meat and holds a large metal pot containing broth, while other individuals add ingredients and sauce and pour liquid into the large pot and a smaller metal pot. 

Once the cooking is finished, individuals in red vests and a blue shirt serve the food from pots and bowls to seated companions. The group, joined by a child and people in black shirts, gathers to eat the prepared meal together. Some hold food and look toward the child, while others sit and lie nearby as the gathering concludes.",artifacts/runs/v4_260922/extraction/summaries/desc_qwen/microlens_100k_00027.json,artifacts/runs/v4_260922/extraction/summaries/graph_qwen/microlens_100k_00027.json,50ae815f5ebce3d1a226441b2b6516ff28438e71750779c5cd6f283aca5e4c2b,f79a729bae569f0e23e0045d9471bc542ab4f0d0daca2f54e3ce1d4f15b467c7
28,microlens_100k_00028,핵심 손실,H,"T,I,P,N","국가별 팀의 배틀로얄 초청전, 전술·점수 우위와 중국 팀 승리",여러 색 옷의 무장 인물들이 이동·집결,"e스포츠 중계 정체성, 국가·팀·선수, 안전구역 전술·승패 소실","The video documents competitive gameplay from Match 4 of Day 1 in the KELT Mid-Asia and Korea Invitational, a live battle royale tournament featuring teams representing China (CHN), Japan (JPN), and Korea (KOR). The matches unfold across a rugged, rural landscape characterized by rocky hills, sparse vegetation, open fields, and strategic building complexes, such as churches, silos, and houses. 

Initial engagements highlight Team CHN, notably CHN-A, executing coordinated advances against Korean squads. Utilizing vehicles for swift repositioning and flanking maneuvers, Chinese players like Feng Du, Pifei, and CHN·兔哥哥_ engage in scoped firefights around compounds and hillsides, effectively eliminating Korean opponents despite intense counterattacks. 

As the match progresses into later stages, the focus shifts toward clashes between the remaining Chinese and Japanese forces. Chinese players navigate shrinking safe zones, moving through interior buildings, clearing stairwells, and holding rooftop vantage points while trading gunfire and dealing with smoke and explosions. Key moments feature players such as CHN - ANGG, CHN - Xiao Shizhi, CHN - Yuyu, and Wenbao managing low ammunition, surviving close-quarters ambushes, and taking cover behind natural rock formations and structural walls. Despite mounting pressure, individual eliminations, and dwindling squad numbers on both sides, Team CHN maintains a dominant point and player advantage over Team JPN, culminating in a decisive push toward the final circle to secure the victory.","Multiple individuals engaged in action-oriented movements frequently gather, interact, and maneuver alongside one another. Throughout the scenes, people wearing colorful attire—notably red jackets, blue shirts or outfits, yellow jackets, and helmets in shades of purple, blue, white, and pink—regularly stand side by side while carrying or aiming weapons. 

Dynamic actions unfold across the sequences as participants run, jump, crouch, and occasionally fall. In several moments, armed figures in red jackets and blue tops position themselves close to each other, aiming their weapons or gesturing by raising a hand. Other individuals interact around vehicles, including a person driving a pink car and several others in red outfits standing nearby. Later, members of the group are observed crouching together, with one person in a pink outfit jumping near individuals wearing blue helmets. Larger gatherings also appear, including a lineup of several figures in black pants assembled alongside individuals in red and yellow jackets, white helmets, and blue shirts, before smaller armed groups regroup in close proximity.",artifacts/runs/v4_260922/extraction/summaries/desc_qwen/microlens_100k_00028.json,artifacts/runs/v4_260922/extraction/summaries/graph_qwen/microlens_100k_00028.json,e0b9f0babe330060dc311dde4236cc5dae8791b24bcde487b84b6cbcc8a8f16c,7cf3b3cff75e6af76602530d125c68c150975619de18a0e314d98571a304993d
29,microlens_100k_00029,핵심 손실,H,"I,N,P",토니 스타크의 피랍·흉부 부상·생존 장치와 갑옷 제작·탈출,부상자·도구·빛나는 장치·아이언맨 갑옷,주인공 신원과 부상→장치 제작→탈출의 원인·목적 소실,"The video traces the origins of Tony Stark's transformation into Iron Man, opening with his background as a brilliant prodigy and MIT graduate who lived a carefree lifestyle before donning his iconic red and gold armor. The narrative turns perilous when Stark is attacked in a rugged desert landscape by armed assailants using explosive weaponry bearing his own company's logo. Severely wounded with chest trauma, he is captured and wakes in a dim, subterranean cave connected to medical tubing designed to keep shrapnel from entering his heart.

Imprisoned in the rocky cavern, an injured but determined Stark collaborates with a fellow captive scientist to secure their survival. Together, they design and construct a rudimentary, heavily armored metal suit while Stark crafts a glowing blue chest device to sustain his heart and power the apparatus. Working with welding torches and forged metal under constant threat, the pair hurriedly finalize the protective armor. When hostile forces confront them, a tense battle erupts within the dark tunnels. As Stark pushes toward the cave exit in the massive, newly assembled suit with its chest light glowing, his companion faces fatal danger. The sequence concludes with a massive eruption of fire and smoke as Stark breaks out of the cavern.","The video opens with a group of people standing outdoors against a mountain backdrop, including an individual in sunglasses and others wearing red suits or a white shirt. An altercation quickly follows, showing multiple figures dressed in black suits and jackets being attacked and left lying on the ground, with one person pulling at another's shirt amidst the struggle.

The focus then shifts indoors to an injured man with a bruised face looking on while others gather nearby, including a seated person in glasses, a bearded individual in a military uniform, and someone wearing gloves working with tools. Later, a person in a black t-shirt works alongside a suited companion wearing glasses; both stand together examining glowing blue devices placed on a table. Finally, figures clad in Iron Man armor stand over another person who lies injured on the ground with blood visible on their face.",artifacts/runs/v4_260922/extraction/summaries/desc_qwen/microlens_100k_00029.json,artifacts/runs/v4_260922/extraction/summaries/graph_qwen/microlens_100k_00029.json,29212c9c57dedd1781ed1584345b1d695f90f0f20d0ebfed3c9a5891a049df52,3ae4e64e34cf5186cdb79585d19ba56a65ba96b14c259cdc3880b331e9cdaf91
30,microlens_100k_00030,부분 손실,M,"T,C,R",두 사람이 고교 시험 성적을 주제로 유쾌한 인터뷰,종이와 팻말을 든 여러 사람의 대화,인터뷰 질문 주제와 장난스러운 분위기 약화; 두 명→집단 차이,"In a simple, modern room with a potted plant against a plain wall, a young woman and a young man sit together on a brown couch for a casual interview or vlog. The woman, with long dark hair and wearing a black top, holds a piece of paper, while the man, dressed in a white shirt, holds a small branded card. 

Throughout the conversation, the two maintain a lighthearted and friendly dynamic. The woman asks the man about his high school exam results, prompting an amused and confident response that makes both of them laugh. Their interaction remains playful and humorous as they banter back and forth, trading lighthearted comments and reactions. Throughout the exchange, both individuals smile frequently, visibly enjoying the relaxed and informal discussion.","A person in a black top holding papers engages in conversation with a group of individuals. Among them is a person in a white shirt holding a sign, who speaks back and forth with the person holding the papers. Nearby, a smiling person in a black top and another individual in a white shirt, also holding a sign, look toward and address the person holding the papers as the group actively speaks together.",artifacts/runs/v4_260922/extraction/summaries/desc_qwen/microlens_100k_00030.json,artifacts/runs/v4_260922/extraction/summaries/graph_qwen/microlens_100k_00030.json,dd374b446e664d606cfa7a5e116919f670e6fe02c3e87c2abccba57d3b616ce9,b5cdaf2ad71e54e3645f8007d5ea24de319eafa8113ba0a373a3ad1a3f29cede
31,microlens_100k_00031,핵심 손실,H,"T,I,N",푸틴과 역대 미국 대통령의 관계 변화에 대한 정치 해설,정장 입은 사람들의 공식 모임,"러미 관계, 인물·시대·외교 변화라는 영상 전체 주제 소실","This analytical political commentary video examines the evolving geopolitical dynamics between Russia and the United States, centering on Vladimir Putin’s enduring leadership alongside a succession of American presidents. The narrative explores historical context ranging from former Russian President Boris Yeltsin’s pro-Western stance and Bill Clinton’s era to the shifting rapport between Putin and George W. Bush. Archival footage and still images depict Putin and Bush across varied environments, transitioning from formal architectural doorways and shared walks along a rocky coastline to disaster relief appearances, illustrating a shift from initial wariness to closer personal diplomacy. 

The coverage continues chronologically, examining relations during Barack Obama’s presidency alongside maps referencing regional conflict and Putin’s tenure as prime minister. It then shifts to Donald Trump’s administration, highlighting public rallies, press conferences, and diplomatic summits where Trump and Putin are shown shaking hands before their national flags and engaging in public exchanges. The focus subsequently moves to the current geopolitical landscape under Joe Biden, featuring formal addresses against national flags and the 2021 diplomatic summit in Geneva, where Putin and Biden meet across a conference table. Interspersed with news anchor commentary, studio broadcasts, press briefings, and scenes of historic palaces, the video emphasizes Putin's continuous position on the world stage as American leadership repeatedly changes hands.","The video depicts several formal gatherings, meetings, and proceedings involving groups of people dressed primarily in dark suits, ties, and professional attire. 

Throughout the scenes, participants gather in various configurations, both standing alongside one another and sitting at tables or in chairs. Notable individuals appear across the events, including an individual wearing a red pin on a blue suit, someone in a face mask, and another wearing a red hat. Multiple discussions take place, with attendees speaking to one another, including a gray-haired speaker, a bald speaker, and individuals in dark suits engaging in conversations. 

In more structured settings, several suited individuals sit around a table where one person in a white shirt holds a folder and another raises a hand. Other scenes show lines and groups of attendees wearing coordinating ties, such as red, blue, or pink, standing beside each other in formal settings, with some individuals wearing glasses or sunglasses. Across all scenes, the participants maintain formal postures as they sit, stand, and speak in what appears to be official or professional assemblies.",artifacts/runs/v4_260922/extraction/summaries/desc_qwen/microlens_100k_00031.json,artifacts/runs/v4_260922/extraction/summaries/graph_qwen/microlens_100k_00031.json,76f44b1ded028abb7f15c9e683adf51231bf90391f43054e15ad39254e90a21e,33b3de0c66038043e69d89bbef1989e15d0362f6933e326f8f69c2f0e31929e8
32,microlens_100k_00032,경미,L,P,문구류·파우치·태블릿·노트를 백팩에 수납,백팩과 문구류 정리·수납을 구체적으로 보존,아이패드 브랜드·수납 용도 등 일부 세부만 축소; 핵심 활동 보존,"A person wearing a white sweater and a white watch showcases their stationery collection and demonstrates how they organize it inside a light gray backpack. The video is set in a brightly lit, neatly organized workspace filled with shelves of clear plastic drawers holding colorful pens and markers, alongside a display of cute figurines. 

After initially browsing a multi-tiered display rack to select pens, the person focuses on packing and detailing the backpack, which features whimsical embroidered designs of celestial bodies, a rocket, and cartoon characters. They introduce several smaller organizational accessories, including a yellow quilted pencil case featuring a cat design from which they pull out various colorful, character-themed pens and writing tools. They also present cream-colored pouches containing small stationery items, clips, and a smartphone. Demonstrating the backpack's capacity, the person packs it with an Apple iPad, a decorated spiral-bound personal journal filled with stickers and hand-drawn illustrations, and a spiral notebook, efficiently stowing them into the main compartment and front pocket to show the bag's suitability for creative work or travel.","The video centers on people organizing, packing, and showcasing various school and everyday stationery supplies. A person in a grey shirt selects blue and pink pens, while another person smiles while holding a light grey backpack adorned with patches and setting it onto a table. A person wearing a white sweater packs the light grey backpack, placing inside a gold tablet, a black spiral-bound notebook, and a cream-colored pouch with a yellow label. 

Stationery items continue to be displayed as individuals handle yellow pencil cases decorated with cat designs along with collections of pens. Wearing a beige sweater, a person shows off a white-covered notebook decorated with stickers, as well as a phone in a green case stored inside a beige pouch containing other small items. Finally, a person in a white sweater finishes packing by placing a yellow spiral-bound notebook into the patched light grey backpack.",artifacts/runs/v4_260922/extraction/summaries/desc_qwen/microlens_100k_00032.json,artifacts/runs/v4_260922/extraction/summaries/graph_qwen/microlens_100k_00032.json,6c122bdea1f68259fc599dbef4b325a49b180e066e0cf66b6703ac7f4728f221,00e0b9c329ab45edc4f7cd6466e54ea3de0b73c920e0b6b2c8eaea8396ee8c09
33,microlens_100k_00033,핵심 손실,H,"N,P,C,R",두 남자의 망치 공격 뒤 부상 여성이 숲에서 도주·생존 시도,SUV 주변 모임과 달리기·던지기·등반,"가해자/피해자, 망치 공격과 도주·교란 목적 소실","A blonde woman driving a red Jeep Grand Cherokee through a remote, wooded area stops to consult a map. Unbeknownst to her, she is being monitored by two men in a white car. The men exit their vehicle, and one, wearing a camouflage baseball cap and black jacket, approaches her to speak about the surrounding dense forest. As they interact near her SUV, a second bearded man wearing a blue beanie violently attacks the woman, striking her in the leg with a hammer. 

Injured and distressed, the woman flees on foot, desperately running through a field of tall, dry grass and into the sparse woods. She repeatedly looks over her shoulder to monitor her pursuers and throws a stone in the opposite direction as a diversion. Although she intends to make her way back to her car once she finds a moment of temporary safety, she quickly becomes disoriented and lost amidst the bare trees. 

Exhausted, injured, and in shock, she lies on the forest floor covered in leaves. Struggling through pain and fatigue, with one of her feet exposed in a dirty sock, she tries to navigate the harsh wilderness. Moving deeper into the isolated environment, she reaches a moss-covered rocky cliff and searches for a way to climb or escape, gazing upward at the stone formations with growing dread and determination.","A group gathers around a red SUV, where individuals in jackets—one smiling, another in a cap, and a third holding a map—stand beside and interact near the vehicle. Nearby, companions including individuals in grey hoodies, a plaid shirt, and a blue beanie stand together beside the car, exchanging glances. 

The scene then shifts outdoors to an active encounter involving people with long blonde hair in light-colored sweaters, who run, throw, and watch one another. In an environment covered with leaves, individuals in beige and green sweaters are seen lying down, looking up, and climbing. Later, someone in a beige jacket climbs along rocks while another individual in dark clothing searches nearby, accompanied by a bystander in red and green clothing as a blonde-haired individual cries.",artifacts/runs/v4_260922/extraction/summaries/desc_qwen/microlens_100k_00033.json,artifacts/runs/v4_260922/extraction/summaries/graph_qwen/microlens_100k_00033.json,581713da467d919389b065d985a1b828e5b6a0c7c7b26d93623bb45266b3fe27,c62723cd7d1223b0eac470eedb8eacd1dac1f506f897392f89351d92d38fb3b9
34,microlens_100k_00034,핵심 손실,H,"N,I,T","어머니의 귀환과 가족 소외, 아이들의 할아버지 생일 카드 마련",식사·이동·카드·선물 교환,"가족 관계와 돌아온 어머니의 거리감, 생일 선물의 목적 소실","The video presents a poignant narrative from a Chinese drama centered on a mother’s return to her family after years away, highlighting the emotional tension between reconnection and detachment. In a dated domestic dining setting, the mother sits quietly with a glass of milk beside a young boy eating his meal while a father serves food, illustrating her lingering difficulty in integrating into the child’s routine. Outdoor winter sequences show the woman embracing a young child against a backdrop of bare trees, a boy running across a snowy landscape, and an older man in a knit hat speaking sorrowfully, emphasizing themes of longing and emotional distance.

The focus shifts to the children's daily lives and their affectionate familial bonds. An older man transports the young boy on a blue tricycle through a quiet town setting. Later, the boy in a red jacket and a young girl in a green coat bond over shared moments, conversing about their grandfather's health and a birthday gift for him. Inside a small, cluttered shop filled with colorful trinkets and figurines, the children search for a birthday card. Although an initial interaction involves an emotional plea when the boy faces financial constraints, the kind shopkeeper behind the counter ultimately interacts warmly with them. She presents the children with the card, leaving the boy and girl happily sharing the special gesture of love for their grandfather.","The video captures several distinct moments involving various groups of people engaged in everyday activities and social interactions. Initially, a group gathers near a table where a person in a vest holds a bottle and cup, while others in a black shirt and a red jacket eat, accompanied by another individual in a vest standing nearby. 

The scene then transitions outdoors, where a person in a red jacket runs past bystanders, including a person in a red hat looking downward and others dressed in a purple jacket and dark coat standing together. Later, people are seen participating in leisure activities: cyclists wearing red and black hats ride bicycles, children dressed in red and green jackets hold candy, and another individual in a green jacket sits reading a book. 

Interpersonal interactions continue as a person in a red jacket points toward another holding a card, while an individual in a white shirt and red scarf speaks to a distressed person in a red jacket who is crying. Finally, individuals in red jackets, accompanied by someone in a green jacket, approach a counter to exchange gifts with a person in a white shirt standing behind it.",artifacts/runs/v4_260922/extraction/summaries/desc_qwen/microlens_100k_00034.json,artifacts/runs/v4_260922/extraction/summaries/graph_qwen/microlens_100k_00034.json,27d766d47611eb0adb0fcac5cbc7ce88d09ab2a856f2954b91be1d3b5129b63a,dc81d3d2ae70820288dbdf0f1d099d173eb92bde95e8eb90ed7e6b2acf7b3bb7
35,microlens_100k_00035,핵심 손실,H,"N,I,C",모녀의 대화와 장보기 중 남편 배신·경제 문제로 어머니가 괴로워함,흰 드레스 집단과 장보기·전화·사과,"모녀 관계, 전화 내용과 아이의 걱정, 가정 갈등 소실","The video portrays serious and emotionally tense moments between a mother and her young daughter across different settings. Initially, the two are in a brightly colored indoor play area decorated with animal figures. As the woman sits on a bench in a patterned blouse, she speaks with the girl, who wears a decorated white dress alongside a helmet and elbow pads. Their dialogue hints at themes of acting like a princess, with the mother showing concern as they converse.

The setting then shifts to a well-lit supermarket, where the mother handles distressed phone conversations while accompanied by the young girl. Wearing a jacket and pushing a shopping cart through the produce section, the mother speaks intently on the phone with a serious demeanor. The child listens with wide-eyed worry, holding a piece of fruit and watching the woman closely before tensely claiming the apple is poisonous. As their grocery trip continues past displays of oranges and pomegranates, the mother takes another distressing call about family financial struggles and betrayal by her husband. Watching her mother become overwhelmed with sadness and bring a hand to her face in frustration, the daughter sits in the shopping cart, gazing up with deep concern.","A group of people wearing matching white dresses, including adults and children, are seen together with some standing and others sitting. 

In a shopping setting, a person in a pink jacket talks on a phone while another individual in a blue dress pushes and holds a shopping basket. Nearby, a child dressed in pink holds an apple, standing beside a person wearing a blue shirt. 

The video also shows individuals interacting around a shopping cart. Two individuals in pink jackets are in the cart, one sitting and the other standing. Alongside them are people wearing blue jackets, including one talking on a phone and another holding a phone while standing beside and holding onto the person standing in the cart.",artifacts/runs/v4_260922/extraction/summaries/desc_qwen/microlens_100k_00035.json,artifacts/runs/v4_260922/extraction/summaries/graph_qwen/microlens_100k_00035.json,c40fcaec32ea721bbf0cdcbe8fe8765b7d8294c4815e27f7a9f5eca8b2454063,b0aa725a13bd87c1fc5deeb51fe6f8b70525bbd4d3e388001adc293dbb8c3b85
36,microlens_100k_00036,부분 손실,M,"T,P,C","가재를 손질해 우스운 자세로 플레이팅, 영양 앱과 밈",갑각류 손질·영양 앱·서 있는 가재 접시,유머 편집과 완성물에 이름 붙이기 등 창작·재미의 목적 약화,"A person demonstrates the careful preparation and playful presentation of cooked crawfish in a home setting. The video begins by highlighting the intricate process of handling the seafood, with a close-up focus on a large red claw that took hours to process, followed by hands selecting a crawfish from a full bowl to prepare a spicy dish. 

The demonstration is interspersed with humorous memes, including one reflecting on the task's complexity, alongside a brief segment showing a mobile nutrition app tracking daily caloric and macronutrient intake, complemented by a panda meme advocating for balanced nutrition while eating. 

The preparation continues as the individual uses scissors to cut and remove the shell, carefully arranging the meat on a white plate situated near desk decorations like astronaut figurines and artificial flowers. Finally, the person holds up a white, oval-shaped plate displaying the vibrant red cooked crawfish arranged in a dynamic, comical pose with splayed legs and extended antennae. Positioned against a soft background featuring pink and white roses, the final presentation humorously invites viewers to name the creatively posed dish.","A person in a green jacket handles several red crayfish submerged in water. Elsewhere, someone wearing a black shirt holds a phone displaying a nutrition application showing daily intake alongside food preparation, while another person eats red shrimp. Multiple hands are seen preparing and handling lobster, actively cutting, peeling, and holding the seafood. Later, a person wearing a red jacket presents a white plate holding a standing red lobster.",artifacts/runs/v4_260922/extraction/summaries/desc_qwen/microlens_100k_00036.json,artifacts/runs/v4_260922/extraction/summaries/graph_qwen/microlens_100k_00036.json,760e1fe1b045560a27bcb4afdc3ed15a26022e435771ff967334250bf10764d2,5f8532b4baa97c66c5475bbcfb79e8c619c94dcc9920e18f45398eabd94d5f13
37,microlens_100k_00037,부분 손실,M,"N,P,R",자동차 후드 스턴트와 추격 뒤 검은 차 전복·패배한 남성,추격·충돌·파손된 차와 주변 인물,"추격자 방향과 전복 과정, 패배한 운전자의 결말이 약화·상이","A high-speed, action-packed sequence unfolds across a sunlit, rural landscape of dry hills and open roads. The scene begins with a woman in a bright pink top performing a dangerous stunt, climbing out of a moving white classic muscle car, sliding down the windshield, and clinging to the hood. From behind, a man with long hair, sunglasses, and a dark shirt pursues her in a black classic muscle car, visibly excited and laughing as the high-stakes chase accelerates through clouds of kicking dust. While the woman struggles to hold on and focus through the intense motion, another man films the unfolding spectacle from a distance using binoculars.

The pursuit escalates as both vehicles drift and maneuver aggressively along paved and dirt roads. Tensions rise as the white car sustains heavy front-end damage, while the man attempts to communicate with the female driver. Eventually, the pursuit turns chaotic when the black car loses control, spinning violently, kicking up dirt, and rolling over. The chase concludes in the aftermath of the crash, where the black vehicle lies severely crumpled and smoking on its side. 

The driver of the wrecked vehicle, a disheveled man with wild hair and a beard, is thrown roughly to the ground in distress. Three women, including the woman in the pink shirt and another dressed in a black leather jacket and jeans, gather around the wreckage to observe the defeated man and the ruined car before beginning to walk away.","A dramatic vehicular pursuit unfolds on the road, centered around a moving white car and a dark vehicle. Initially, an individual wearing a pink shirt is seen climbing onto, leaning on, and falling or lying across the white car as it travels, held or accompanied by another person in black pants. A person wearing sunglasses drives the white car, which pursues and moves alongside other vehicles, including a blue car and then a black car driven by an individual in a black shirt. 

The chase intensifies as the white car maneuvers and drifts around the black car while a person in black raises their hands. The encounter leads to a collision, leaving the black vehicle damaged and the front of the white car visibly wrecked. Inside, individuals with brown hair in black shirts watch each other from their respective vehicles. 

Following the crash, the occupants exit onto the scene. People in black shirts run alongside one another, while a figure in a black leather jacket stands near the person in the pink shirt. In the aftermath, the person in the pink shirt runs toward the wrecked black car as an individual in a black jacket stands beside it and falls toward the wreckage.",artifacts/runs/v4_260922/extraction/summaries/desc_qwen/microlens_100k_00037.json,artifacts/runs/v4_260922/extraction/summaries/graph_qwen/microlens_100k_00037.json,43295d9626c9a80d16897ac5d95748dea3bc6c3636026b79aed915659e4a4318,ecb4cd1d0eed610a459596b2b8de9c1241ef4e194e4ef49b3725d79369ce7e23
38,microlens_100k_00038,핵심 손실,H,"T,I,P","나루토 모바일 대전, 오로치마루 중복 팀 선택과 기술 사용",망토 입은 인물들의 무기 싸움,"게임·작품 정체성, 팀 편성과 특수기·체력·매칭 절차 소실","The video features gameplay from a Naruto-themed mobile fighting game, beginning with a player setting up a team for battle. During character selection, the player repeatedly chooses the same ninja, Orochimaru, resulting in a full team of identical fighters despite an initial matchmaking interruption. After successfully locking in the lineup and waiting through a brief partner-matching countdown, the match begins. 

Combat takes place on an elevated wooden arena overlooking a traditional village with conical-roofed structures and misty distant scenery. The player controls a ninja dressed in a black and red cloaked outfit, engaging in fast-paced combat against various opponents, including a white-haired enemy wielding a whip-like weapon and an adversary in white and orange robes. The player executes a diverse array of special abilities, unleashing flaming snake-like strikes, glowing blue energy auras, foot-based ring attacks, and massive explosive combinations that generate clouds of dust and floating damage numbers. The opponents counter with heavy strikes of their own while health bars and match timers track the progression of the duel. The gameplay shifts between intense attack exchanges and tactical repositioning, concluding with battle outcome screens highlighting the dynamic combat maneuvers and skill activations.","A group of figures clad in black cloaks gathers together, initially standing alongside one another before engaging in a sequence of confrontations. Combat erupts as several individuals clash, including figures in black cloaks, a red-haired combatant, and fighters with white hair, one of whom wears a red jacket. The conflict intensifies into dynamic weapon-based skirmishes between multiple white-haired figures in red jackets and sword-wielding opponents dressed in black outfits. Further clashes involve a person in a black cloak, a runner in a white outfit, and individuals wearing blue. Following these battles, a group consisting of black-haired individuals, a person in a red jacket, and another in a white shirt stands assembled beside one another on an elevated platform.",artifacts/runs/v4_260922/extraction/summaries/desc_qwen/microlens_100k_00038.json,artifacts/runs/v4_260922/extraction/summaries/graph_qwen/microlens_100k_00038.json,0ea7b4939e48c4794fa425d87401fe78092de3e77837b63fdc9a58c948841ca4,f0e9c4a06f255725849f7179333cd731e7ad8e8f0b75e59d4db67054cfead518
39,microlens_100k_00039,핵심 손실,H,"T,C,R","서로 다른 세 명의 셀프 촬영 클립, 눈밭과 밤의 차 안",세 사람이 한 차 안에 동석,클립 구분과 서로 다른 장소 소실; 별개 인물을 공동 장면으로 결합,"The video is composed of a series of three distinct, self-shot vlog-style clips, each featuring a different individual in a separate setting. 

The sequence begins with a blonde-haired individual wearing white fluffy cat ears, who holds up a light green smartphone to capture a selfie. This transitions into a blurry, motion-filled shot of a dark-haired woman in a black top situated in an outdoor snowy or icy landscape. Finally, the video shifts to nighttime, showing another dark-haired woman wearing a striped sweater seated in the driver's seat of a car. Looking directly forward, she gestures toward the camera with her right hand.","Inside a car, three individuals are seated together. One person, sporting blonde hair and wearing cat ears, holds a phone. Alongside them, another person with long dark hair wears a black jacket, while a third person is dressed in a black and white striped sweater.",artifacts/runs/v4_260922/extraction/summaries/desc_qwen/microlens_100k_00039.json,artifacts/runs/v4_260922/extraction/summaries/graph_qwen/microlens_100k_00039.json,f8467d349227cbd8cf6c99088b1f94552997ba2af466429846b4a49a9640ae14,32f42fe92ac862eedfc0b91feb6988123e17aad2196c80532be866f0b0b09b5e
40,microlens_100k_00040,핵심 손실,H,"T,P,C",괴물 사냥 설정의 브이로그와 드론으로 폐허·들판 인물 추적,폐허를 돌아보는 사람과 손에 든 드론,"허구적 괴물 탐색 목적, 항공 시점·원격 관찰·추적 구조 소실","Blending vlog-style commentary with aerial drone footage, the video opens with a man wearing a bandana and glasses speaking from a car. He introduces a fictional narrative centered on hunting a terrifying, plant-based Demogorgon creature featuring a grotesque, flower-like mouth. 

The perspective then shifts to high-angle drone views exploring a vast rural landscape of dense forests, agricultural plots, and winding sandy paths. The drone approaches an expansive, abandoned building complex nestled among the trees. Inside a vehicle, occupants react with shock and fascination to the surroundings, monitoring drone feeds on their mobile devices. 

Tracking dilapidated brick structures within the complex, the aerial camera observes figures navigating the debris and surrounding paths. In one instance, a figure in blue moves through an abandoned shed, followed by a man in a white shirt who walks with an unusual, bent-legged gait among the ruined walls. Later, the drone follows a person in white, appearing to be a child, as they run determinedly along a dirt path cutting across a wide, plowed field. Throughout the journey, the drone tracks these subjects across the rural environment, combining overhead surveillance with the observers' surprised reactions from their car.","A group of people wearing white shirts, several of whom wear bandanas or glasses, converse together. Throughout their outing, they explore an area with abandoned and ruined brick structures and large metal-roofed buildings. A person in a white shirt and bandana and another with blonde hair observe these surroundings and look toward each other as they survey the dilapidated sites.

Later, while others in white shirts walk nearby, an individual in a white shirt and bandana holds a black Mavic Air drone while seated beside a companion in a blue shirt wearing a necklace. Nearby, a person in a white shirt and glasses stands beside another person in white as they exchange looks with a blonde-haired individual wearing a bandana, while a white bird flies overhead.",artifacts/runs/v4_260922/extraction/summaries/desc_qwen/microlens_100k_00040.json,artifacts/runs/v4_260922/extraction/summaries/graph_qwen/microlens_100k_00040.json,f4d0e33919a2f2e91e18499b1aa4614c7fe826a05782dcf1d72567f65b115d0b,bf848c3d862c057a3e7b1fa0c26e306e975886da9b0e1986f6222f8b8211479f
41,microlens_100k_00041,핵심 손실,H,"T,I,N,P",황하 유로 변화·1855년 홍수·퇴적과 치수 체계 해설,강과 지도·위성사진·교량,"황하라는 대상과 지리·역사적 변화, 하천 기능의 설명 소실","This video provides a historical and geographical analysis of the Yellow River and related Chinese waterways, tracing their extensive environmental transformations, human modifications, and infrastructural roles over centuries. 

Using aerial footage, satellite imagery, and animated mapping, the presentation begins by detailing the Yellow River's path from its source across provinces like Shanxi, Shaanxi, and Gansu, toward the southern regions of Henan and its eventual historical linkages to the Yangtze River and the sea. The narrative focuses heavily on the river’s evolving course, including major shifts in the eleventh century and the diversion caused by the 1855 flood. Further historical maps highlight ancient water projects and canal systems, including the Jing-Jiang Canal, Qin River, early segments of the Grand Canal such as the Tongji and Guixi rivers, and connected lakes like Nanqiu and Hongze.

The video also documents the river's physical degradation into abandoned, sediment-filled channels often characterized as dying waterways, specifically in Jiangsu and Lanxiao County. In examining the river basin across Henan, Anhui, and Jiangsu, aerial views illustrate the river's meandering path past agricultural fields and urban settlements. It highlights the raised banks that stand several meters above the surrounding landscape, functioning as an elevated natural reservoir. While portions of the river are no longer viable for traditional agricultural use and have historically caused severe flooding, the video concludes by showing bridges, city skylines, and satellite maps that reframe the altered river system into an integrated modern water engineering network utilized for drought and flood control.","The video focuses on rivers and regional geography, transitioning through a series of maps, aerial footage, and visual presentations. It begins with scenes of flowing brown river water interwoven with maps that feature a yellow line tracing the waterway's path. Four people, individually dressed in yellow, red, blue, and white, are seen standing beside one another.

The presentation then shifts through a detailed sequence of geographical displays, highlighting various river systems, networks, and labeled regional water bodies through diagrams and satellite imagery. These satellite and graphical views repeatedly emphasize regional layouts and river paths across the landscape. 

Complementing the cartographic visuals, aerial views capture real-world scenes of rivers flowing through agricultural land, a wide waterway carrying a boat, and a section spanned by a bridge. The video concludes with satellite maps of the broader region before transitioning to black screens displaying text.",artifacts/runs/v4_260922/extraction/summaries/desc_qwen/microlens_100k_00041.json,artifacts/runs/v4_260922/extraction/summaries/graph_qwen/microlens_100k_00041.json,63268d264a17cbd5e412e87c50511f285e83e5c73d47ab84a86f30c073c6792a,7670fd965690d7b44cdc1bb355e91c32fb01d03b4738f8521c3e302055ef3b95
42,microlens_100k_00042,핵심 손실,H,"N,I,P,C",판다의 강력한 힘으로 영체를 제압하고 용암 감옥 대결에 개입,황금 구조물·판다·분홍머리 인물·불,"유물과 능력의 기능, 제압·구출 개입과 전장 환경 소실","On a grand platform styled with traditional Chinese architecture, a small novice character confronts a malevolent artifact spirit and a powerful, golden, multi-tiered structure emerging from a cracked gourd. A formidable panda character perched atop a large golden sphere claims the spirit’s body as its own. Demonstrating superior power, the panda channels a blazing beam of energy and unleashes a fiery, red scorpion-like creature to battle a golden guardian. A massive dark red hand crushes the segmented beast, which begs for mercy upon realizing it faces a God’s Realm entity. After subduing and partially refining the entity, the panda stands alongside the human companion. 

The scene then transitions to a dark, fiery dungeon surrounded by molten lava, rusted chains, and monstrous shadows. An antlered, pink-haired girl encased in a purple energy field stands defiantly against a menacing dragon-like creature. With an ally lying defeated nearby, glowing golden chains materialize to encircle the furious girl. The panda character emerges once more from a golden bell to intervene in the tense confrontation, asserting dominance over the remaining opposition amidst the fiery cavern.","The video presents a sequence of stylized scenes featuring characters alongside mystical golden structures and creatures. Initially, individuals with black hair—one adorned with a red bow and another featuring red eyes—stand amid glowing golden creatures. Nearby settings feature figures in black and red robes gathered around ornate golden towers decorated with dragon motifs and emitting blue light. 

Other sequences highlight golden artifacts and animated encounters. A black-and-white panda rests atop a large, swirl-patterned golden sphere while being held in relation to glowing towers and a golden statue adorned with a red ribbon. Figures wearing glasses and black-and-red outfits ride and sit upon golden objects, flanked by red-skinned figures standing on a platform. In another moment, a panda clad in black and red interacts with a glowing golden cup that appears to fire, standing near an individual in red and another with pink hair engaged in conversation. 

The focus then shifts to groups of black-haired and pink-haired figures standing side by side. Nearby, characters in pink outfits stand near someone in a black-and-white outfit lying on the ground, while a panda sits beside them. The sequence culminates in a display of jagged white and dark-centered gray fire rising upwards.",artifacts/runs/v4_260922/extraction/summaries/desc_qwen/microlens_100k_00042.json,artifacts/runs/v4_260922/extraction/summaries/graph_qwen/microlens_100k_00042.json,65229c3353321baefd9316b2e3aa94d7162a73aa449fb56453f3be9ce8cdd0df,5f45f707266a7e1fd056c3ff08b092c19505743337164a8b258cba625f0bb380
43,microlens_100k_00043,핵심 손실,H,"T,I,P,N","원신 마구 켄키 보스전, 고피해 공격·회피·최종 승리",초록머리 인물과 갑옷 인물의 전투,"게임·보스명, 피해 규모·스킬·회피와 처치 결과 소실","The video features gameplay footage from *Genshin Impact*, highlighting intense combat against the boss enemy Maguu Kenki (魔偶剑鬼). The action begins by showcasing powerful electro attacks alongside a character surrounded by crackling purple energy. The combat subsequently centers on a player character with green hair dressed in an orange and yellow outfit, battling the large, blue-glowing armored boss on a dirt clearing bordered by lush forest and rocky terrain.

Positioned across the natural battlefield, the player character executes a series of high-damage strikes using a glowing blue sword-like weapon, aided at times by a small blue spectral summon. Visual damage indicators appear consistently throughout the sequence, displaying numbers ranging from smaller multi-hit values like 13,056 and 13,134 to massive bursts exceeding 61,000. Despite the boss attempting to block, retaliate, and occasionally create distance, the player maneuvers across the clearing to evade incoming strikes while landing consecutive close-combat attacks. The battle concludes as the player overwhelms the boss with heavy abilities, pushing it back and ultimately defeating it to gain experience points, leaving the character standing victorious enveloped in a vibrant red aura. The sequence also briefly incorporates stylized character presentation elements, including an introduction of a pink-haired character surrounded by a glowing pink and blue aura.","The video depicts a series of encounters involving uniquely styled figures engaged in gatherings and combat. Initially, a group stands together, featuring a person with purple hair in a traditional outfit positioned beside multiple figures with green hair dressed in blue. 

The action then transitions into combat sequences. Figures with green hair wearing orange outfits and robes clash with standing individuals in blue attire and blue-haired fighters in blue outfits, with multiple characters actively attacking one another. The conflict intensifies as an individual with green hair in an orange robe fights against dark-armored enemies, engaging them while simultaneously being attacked in return alongside a companion with blue hair. 

Following the battles, the scene shifts to a calmer group standing together, consisting of a person with pink hair wearing a red ribbon alongside figures with purple and green hair dressed in blue outfits.",artifacts/runs/v4_260922/extraction/summaries/desc_qwen/microlens_100k_00043.json,artifacts/runs/v4_260922/extraction/summaries/graph_qwen/microlens_100k_00043.json,d17edf7027033eab6219239ae0483be2eaf801bb08117e09f440a61bfe2b3d76,dba5aed86e230be228aa2dc51d79c6307ef0c698979192f2b27628d28d4a1fba
44,microlens_100k_00044,핵심 손실,H,"T,I,N,C",스폰지밥·게리·징징이·집게사장의 기괴한 치료·고통·공포,노란 스펀지와 해양 생물의 모임·일부 다툼,"등장인물 정체성과 의료적 기괴함·피로·공포, 사건 연결 소실","A series of chaotic and surreal sequences from *SpongeBob SquarePants* centers around bizarre medical procedures, distress, and mounting tension among the residents of Bikini Bottom. SpongeBob is repeatedly depicted interacting with Gary the snail in clinical and domestic settings, beginning with an operation where Gary lies on a bed connected to medical equipment. Gary is also seen out at a snail park, encountering a worm in a forest, and later offering quiet support to a weary SpongeBob. 

Meanwhile, Squidward appears in several states of extreme discomfort and exhaustion, tied with rope in front of his home, sitting in a red armchair, and later contorting in deep distress. SpongeBob shifts between states of smiling wildly with a hose full of red liquid connected to his mouth, collapsing from deep fatigue near stacks of large, bomb-like cylinders, and straining against a heavy blue door while being aided by Gary.

Elsewhere, Mr. Krabs becomes increasingly alarmed. After inspecting tainted food with a fish patron and discovering SpongeBob missing, he stands anxiously before a blue arched door. His panic escalates as he flees from his home and later barricades himself inside amid bomb-shaped objects, holding a red, heart-shaped item. Tension culminates when an enraged Mr. Krabs confronts SpongeBob—who appears bewildered in a diaper—and yells at him alongside other sea creatures, demanding an end to the nonsense. The sequence loops back to medical imagery involving SpongeBob and Gary, framing the escalating commotion around themes of exhaustion, shifting abilities, and identity.","The video centers on various interactions involving a yellow sponge and a recurring group of aquatic characters. Early on, the yellow sponge appears dressed in a doctor's coat, accompanied by a bandana-wearing pink snail, a collared green worm, and a pink fish, with both the fish and sponge holding the worm. Later, the sponge is seen standing alongside a pink starfish, a pink shell, and a blue snail. In a subsequent moment, the yellow sponge lies on a bed, falling to the ground beside a character with a pink shell who is holding a white cup.

Other scenes highlight different gatherings. The yellow sponge holds a box while standing alongside a red crab in a white shirt, a purple fish wearing a black hat and tie, and a green sea creature eating food. The sponge is also shown seated on a chair while surrounded and held by figures in red jackets, one of whom holds a red object, before a group of figures in red jackets are seen seated together. Tensions rise in another encounter where an angry red crab shouts at a surprised yellow sponge in the presence of a pink snail and another seated crab.",artifacts/runs/v4_260922/extraction/summaries/desc_qwen/microlens_100k_00044.json,artifacts/runs/v4_260922/extraction/summaries/graph_qwen/microlens_100k_00044.json,456cc1bc4d68231452e6d26c6fc81ed8e108454d1f0d1d377d2d176fdba0a45c,b4b364ca7ae52bb05e326510ddba1f3a91f0967c316d20b3bb32eca74afec928
45,microlens_100k_00045,핵심 손실,H,"T,P,N",블록 게임의 음식 블록 도전·스캔·점수 및 시험 대화,네 명씩 서 있는 복장별 집단,게임 환경·도전 규칙·음식 블록·시험 결과라는 소재 소실,"The video takes place primarily within a blocky, open-world game environment featuring grassy fields, modern interiors, and small-town settings with wooden buildings. Throughout the scenes, characters navigate game setups involving lines of large, colorful blocks labeled with various food items such as milk, candy, tea, fruit, jelly, and other ingredients. 

Early on, a player in first-person perspective examines a field with a signpost before moving near the food blocks, discussing the rules of a challenge where participants compete for points based on performance. The perspective alternates between the outdoor courses and indoor settings, including a cozy wooden room where a character with light hair and a white dress speaks with a small green dinosaur-like figure near a counter with cakes. Another transition shows a chibi-style character in a white dress with light green hair interacting in a pink-themed room with large glass walls and furniture, discussing personal advice for living independently. 

After a brief live-action shot of an emotional man crying, the gameplay returns to the blonde character on a narrow path bordered by labeled blocks, seemingly undergoing a scanning mechanic. The character then walks toward a nearby building to speak with a panda-like figure about recent exam outcomes, expressing relief. Similar explorations continue around the blocky town as characters approach school buildings and interact with others in courtyards, continually engaging with the food-block mechanics and conversations regarding scores and exam results.","Across a series of scenes, groups of four individuals stand side by side in varying attire. Initially, an individual in a green dinosaur costume stands next to a person in white who waves, followed by another person in white and someone dressed in green. 

The lineup shifts to an alternating pair of individuals, two with green hair wearing white dresses and two with pink hair wearing pink outfits. Later, a distinct group appears where a bald individual is crying beside someone wearing a panda hat, who stands next to individuals dressed in yellow and white dresses, respectively. Finally, four individuals in white dresses stand together in a row, with one of them holding a question mark.",artifacts/runs/v4_260922/extraction/summaries/desc_qwen/microlens_100k_00045.json,artifacts/runs/v4_260922/extraction/summaries/graph_qwen/microlens_100k_00045.json,75f4dc0ff6cf1a753871900d8b2bb0055f92684643ba2048c2de56fcf4be67e9,3b6069e67ea7c4aaaf3202220fc355763e300edc6de616a209c066c9c3328630
46,microlens_100k_00046,핵심 손실,H,"T,N,I,P",아이의 목소리를 이용한 대리 가창과 공연 착취·성대 고통,기타·대화·노래·우는 사람·TV,"누가 실제로 노래하는지, 비밀 장치와 착취의 갈등 소실","The video depicts an emotional drama revolving around music, a covert performance, and the struggles of a young child. It begins with musical performances and behind-the-scenes discussions among music producers and a woman wearing a distinctive gold choker. A man hears singing mysteriously echoing through a drainpipe and traces the voice back to a young child, who wears a turban and patterned clothing. Though the child initially denies singing, the man recognizes the child's raw, soulful vocal talent.

Tension mounts as preparations are made behind the scenes, involving synchronized audio transmission equipment and secret arrangements made by the woman and sound engineers. The child is prompted to memorize songs through headphones despite fear and a developing vocal strain. During a major live event, an adult performer sings under colorful stage lights while the child, situated backstage in distress and throat pain, is forced to endure the discomfort and supply the vocals. 

The emotional toll culminates following the performance. The child, visibly overwhelmed and weeping in a pink turban, is comforted by surrounding adults, including a woman in a black sequined dress and another in a peach outfit holding an award. Meanwhile, the man looks on with deep sorrow and later engages in a serious, tense confrontation with the woman in black, highlighting the heavy personal cost behind the celebrated television broadcast.","The video captures a series of dynamic interactions, conversations, and emotional moments among various people. Early on, an individual in a black shirt plays a guitar while nearby, a person in a pink jacket engages in a phone call with someone in a dark hoodie. Other exchanges follow, including individuals in white shirts exchanging gazes and speaking with a person wearing a pink turban. Nearby, a bearded man in a brown shirt holds and stands beside an individual with long dark hair in a white shirt. 

The scenes transition through lively gatherings where people smile, talk, and laugh together. One group gathers around a person in a red hat, with individuals holding money, speaking, and standing close by in silver attire. In another setting, someone in a blue shirt raises a hand, while an individual wearing a black dress holds a child alongside someone in a red jacket.

As the mood shifts toward more emotional moments, an individual in a pink outfit is comforted while crying by someone wearing a black sequined top. Elsewhere, a smiling person in a black dress holds a cup and converses with someone in a black suit, while nearby, an individual in a pink headwrap sings and cries. Finally, a person in a sparkly top and another wearing a pink turban tearfully watch a performance displayed on a television screen.",artifacts/runs/v4_260922/extraction/summaries/desc_qwen/microlens_100k_00046.json,artifacts/runs/v4_260922/extraction/summaries/graph_qwen/microlens_100k_00046.json,43fbb956a77815f8edd34147c5d23b3f3e82b50d5bc69ffeccf7143ce0201be1,c749fdb5e51f1769b6056c142c0efa88524706c6b97bf89258a4ac81a459ef79
47,microlens_100k_00047,핵심 손실,H,"T,P,N,R",MOBA 팀 전술·능력·자원 관리와 적 격파,네 전투원이 서로 원형으로 공격,게임 정체성·아군/적군·기술과 승리 결과 소실; 관계가 순환 공격으로 축소,"The video captures intense, strategic combat sequences from a mobile multiplayer online battle arena (MOBA) match, such as *Honor of Kings* or *Mobile Legends: Bang Bang*. The action unfolds across a lush, green battlefield featuring stone pathways, foliage, and a riverbank near a small stone structure, where teams clash during critical mid- to late-game encounters.

Throughout the match, players coordinate abilities and positioning to target enemy champions and secure battlefield control. Near the riverbank, a player executes attacks and ultimate abilities against a large, heavily armored enemy surrounded by a purple aura, flanking and gradually weakening the foe alongside teammates—who include distinct figures such as a bald warrior with a white beard and a pig-like creature. The combat features dynamic visual effects, glowing energy trails, floating damage indicators, and active ability management, with players utilizing skills like flash teleportation, healing, and recall. 

As the engagement intensifies, the player's team—holding a competitive lead on the scoreboard—combines melee and ranged strikes to confront multiple opponents and powerful targets. Coordinated movement, resource tracking, and strategic repositioning around the map allow the squad to defend, counterattack, and ultimately defeat the enemy champion, concluding with the player standing victorious over the vanquished foe.","A group of four distinct individuals stands together, including a person with short brown hair in a red jacket, a bald figure in white, a black-haired person dressed in blue, and a person with purple hair wearing green. 

The video then transitions into a series of dynamic combat encounters involving groups of four fighters engaging in circular combat, with each participant attacking the next. In one sequence, four combatants all clad in red jackets fight one another. In another scene, armored figures clash, featuring fighters in red armor, one in blue armor, and another distinguished by white hair. The confrontation continues as four more fighters battle in a similar pattern, comprising an individual in a red jacket, one wearing a blue shirt, and two others dressed in red outfits.",artifacts/runs/v4_260922/extraction/summaries/desc_qwen/microlens_100k_00047.json,artifacts/runs/v4_260922/extraction/summaries/graph_qwen/microlens_100k_00047.json,14abb8eb0a7fd6355226a9ad133796f93c4faeb26e8a131ce40ef67b4c19ef0e,6363f982158e2103e7b63e926ff7834de76327b786c738a6b7eb0c6987437117
48,microlens_100k_00048,핵심 손실,H,"T,C,R",한 애니메이션 여성의 산악 배경·클로즈업·우주 실루엣,검은 머리 빨간 눈의 세 명이 나란히 서 있음,장면 변화·표정·마법적 분위기 소실; 한 인물→세 명 차이,"A female anime character with long, flowing black hair, striking red eyes, and ornate earrings stands out in a fantastical, otherworldly sequence. She wears a high-collared white and orange outfit paired with a prominent necklace. Initially, she is shown in a wide shot set against a dramatic, mountainous landscape featuring a large, ancient-looking structure. Her hair catches the wind, and her expression conveys surprise or excitement. 

The perspective then shifts to a close-up that emphasizes her vivid red eyes, reflecting a mix of determination and slight amusement. Finally, the scene transitions to an abstract cosmic setting, where the character appears in silhouette against a vast sky filled with glowing particles and stars. Posed dynamically as if reaching upward or dancing, she remains the focal point within the grand, magical atmosphere.","Three individuals, each with black hair and red eyes, stand close together side by side.",artifacts/runs/v4_260922/extraction/summaries/desc_qwen/microlens_100k_00048.json,artifacts/runs/v4_260922/extraction/summaries/graph_qwen/microlens_100k_00048.json,a885a0ecfa8ae90dec9293b28c0842c3421158459142ca03b2f8c8efecea0223,9cc0ed23c8f476d412d237f9d724672c0c94a009c62f459d7bbcb897dad54551
49,microlens_100k_00049,경미,L,"I,C",상하이 야경 위 로맨틱한 가사와 오디오 파형,야경·고층 건물·연속 텍스트·파형 보존,도시·랜드마크명과 가사의 감정 주제 누락; 영상 구성 보존,"The video features a static nighttime shot of the Shanghai skyline, highlighting illuminated skyscrapers such as the twisting Shanghai Tower, the Jin Mao Tower, and the Shanghai World Financial Center against a dark, starry sky. Throughout the sequence, the camera remains stationary on the glowing architectural backdrop, accompanied by a dynamic white audio waveform graphic displayed in the lower right corner. Overlaid in the center of the frame, stylized white text appears sequentially, presenting song lyrics that convey a romantic, reflective, and warm emotional narrative.","The video showcases imagery centered on an urban setting at night, displaying successive views of a night cityscape filled with buildings. Several tall, illuminated buildings stand beside one another against the dark backdrop. Throughout the sequence, lines of white text appear across the screen in succession, overlaying the visuals alongside an accompanying audio waveform display.",artifacts/runs/v4_260922/extraction/summaries/desc_qwen/microlens_100k_00049.json,artifacts/runs/v4_260922/extraction/summaries/graph_qwen/microlens_100k_00049.json,fd4ddfc53daacca3869dcd2665210b793103b56686e38fcf63f2a3ad46eaee33,530f19aac74c5a9051700ab9e4746b924347b0fde0e8f9646e26fe1015ebbc35
50,microlens_100k_00050,부분 손실,M,"T,I,P",마을 어르신 공동 식사와 귀농·농업 창업에 관한 대화,야외 공동 조리·식사·이후 대화,어르신 대접 목적과 귀농·축산·가족 지원이라는 후반 대화 주제 소실,"In a sunny, rural courtyard beneath a large canopy, several men prepare an elaborate communal meal for local village elders. A man wearing a white shirt and a green apron precisely chops large cuts of fresh raw beef with a cleaver. Working together with others, they transfer the meat into a massive outdoor wok. Seasoned with ginger, scallions, chili peppers, and a rich red sauce, the dish transforms into a hearty stew with diced potatoes, shredded cabbage, and scrambled eggs. 

Local villagers, including elderly residents, women, and young children, gather on chairs in the courtyard as the steaming meal is served into small cups. The group eats together using chopsticks, sharing lighthearted stories, jokes, and lively conversation under the shade. 

Following the meal, the man in the white shirt and another man in a red shirt converse in the rustic courtyard, set against a backdrop of terraced hills and winding valley roads. A woman in a white blouse joins them as they reflect on their personal journeys. Their conversation centers on leaving the city, returning to the countryside to pursue agriculture and entrepreneurship, raising livestock, and the emotional and practical challenges of adapting to rural life with family support.","A group of people prepares and shares an outdoor meal before gathering together. Initially, several individuals wearing aprons, red shirts, and patterned clothing focus on cutting meat and cooking. In a large metal wok, chopped yellow and green vegetables, red chili peppers, and water are combined and stirred by a smiling person in a white headscarf. Another cook in a green apron assists by pouring ingredients into the wok and later carries a large pot.

As the meal is served, community members—including people in jackets, red outerwear, and casual shirts—sit and stand in groups. They hold cups filled with food and eat with chopsticks while conversing, with one person in a white t-shirt crouching down to talk with an individual in a grey cap who is eating. 

Afterward, the gathering shifts to conversation and socializing outdoors near a brick building. Two smiling figures, one in a white shirt and another in a red shirt, stand together talking, with the person in red occasionally raising a hand, near roaming brown birds and a white appliance on the ground. They are soon joined by several other companions in matching white and red shirts who stand alongside them and converse.",artifacts/runs/v4_260922/extraction/summaries/desc_qwen/microlens_100k_00050.json,artifacts/runs/v4_260922/extraction/summaries/graph_qwen/microlens_100k_00050.json,e9a75b0ae0c63137b6ce6f07949b64895d99c0fd19fdee0ad82f0fa1f89e1166,d5cac98cb627ad7403f57fe227a8d2b1d114b7e2185243c9ec9263a2c27d4afc
51,microlens_100k_00051,부분 손실,M,"P,C",육상 출발 자세·스타팅 블록·질주·하이니 드릴,육상 훈련·출발 자세·달리기 보존,종목별 구체적 훈련 동작과 경기장 전환 약화,"Athletes train and sprint across red athletic tracks in different outdoor stadium settings. Initially, under overcast skies, a group gathers along a wet track bordered by a chain-link fence, trees, and a soccer goal. Others stand by and film as a man in a white t-shirt and black shorts crouches into a starting position and sprints forward. 

The action shifts to a large, open stadium with empty tiered seating. The same runner begins from a starting block before transitioning into a powerful sprint down the lane, eventually shown running shirtless. The video continues to capture athletic training in the expansive stadium, featuring a man performing running drills such as high knee lifts while wearing a blue shirt and black shorts, followed by a sequence in a grey shirt and orange pants as he approaches the finish line. 

From a high-angle, wide perspective of the quiet stadium, the red running track surrounds a green football field equipped with a soccer goal. Against the backdrop of mostly empty spectator stands, a few individuals walk, stand, and run along the track, maintaining a calm atmosphere during the training session.","The video features various groups of people engaged in athletic running and training activities. Initially, a person in a white shirt kneels on the ground surrounded by a large group of standing bystanders dressed in black, white, and red shirts, while one individual in a red shirt runs past. Nearby, another person in a white shirt crouches at a starting position as others in white shirts and black shorts take off running. 

In another setting, an individual in a blue shirt runs alongside people walking in grey shirts with orange pants and red jackets. Finally, the scene transitions back to a training group where a person in a black shirt runs past a large gathering of onlookers, mostly dressed in black shirts with one in white, while another individual in a black shirt kneels nearby.",artifacts/runs/v4_260922/extraction/summaries/desc_qwen/microlens_100k_00051.json,artifacts/runs/v4_260922/extraction/summaries/graph_qwen/microlens_100k_00051.json,ed232c06639cc2f3298c3e9d6ce28512ecb94791b25c2bb6a59eb54ec8b0bbf7,ccac2174ffa20648955489efb920cd4e640eb30ee037ccfb5c3e742e39d05646
52,microlens_100k_00052,경미,L,"P,C",매운 고추·면·참치 마요 주먹밥·치킨 준비와 혼자 식사,손질·조리·주먹밥·치킨·음료·식사 상세 보존,참치 마요 재료와 침실 분위기 일부 누락; 핵심 흐름 보존,"A young woman wearing a yellow and blue plaid shirt prepares and enjoys a large meal in a home setting. In the kitchen, she washes and chops various vegetables, including green chili peppers, green onions, and white onion. Wearing gloves, she thoroughly mixes the prepared ingredients with red spices and seasonings before tossing in the chili peppers to create a spicy dish. She then cooks noodles coated in a rich, dark sauce on the stove and shapes seasoned rice balls, incorporating ingredients like tuna and mayonnaise, wrapping them with dark seaweed. 

Once the cooking is finished, she plates the noodles alongside takeout glazed fried chicken, the coated green peppers, and the seasoned rice balls. Transitioning to a cozy bedroom setting, she sits at a table in front of a white bed with a large brown teddy bear resting behind her. She presents the spread before casually eating her meal using chopsticks and her hands, alternating between bites of the saucy ramen noodles, the chicken, the spicy peppers, and the rice balls. Throughout the meal, she relaxes, pours a can of soda into a stemmed glass filled with ice, and takes occasional drinks while continuing to finish her food.","A person wearing a yellow plaid shirt and gloves prepares and enjoys a meal. In the kitchen, they retrieve green onions and green peppers from a white refrigerator and cabinets, washing them thoroughly. Using a knife, they chop onions, green chives, and chili peppers, seasoning them with spices and oil from bottles before mixing the ingredients together in bowls. They also prepare containers of kimchi and pickled peppers, sealing them in plastic containers. 

Next, the person moves to the stove to cook noodles in a pan, using a wooden spoon to stir while adding seasonings from packets and small bowls. Alongside the noodles, triangular onigiri wrapped with seaweed and glazed fried chicken are prepared and arranged neatly onto serving plates and boxes. 

Once the extensive meal—consisting of noodles, glazed chicken, onigiri, and spicy pickled peppers—is presented, the person sits down to eat. Using chopsticks, they alternate between eating the noodles, taking bites of rice balls, and holding fried chicken legs. They pour a soda from a red can into a glass of ice, drinking the dark liquid alongside their food before waving at the end of the meal.",artifacts/runs/v4_260922/extraction/summaries/desc_qwen/microlens_100k_00052.json,artifacts/runs/v4_260922/extraction/summaries/graph_qwen/microlens_100k_00052.json,e2916139bfe5700f3a9ad6ee6251dc7bc4b6e4317d6cd5290afb9128b87c191e,2abc37adbe9ae944a1505509e4bb8936ebb9dca3c8d80a40017afed79e03c17d
53,microlens_100k_00053,핵심 손실,H,"N,I,C",운동하는 아내와 남편의 일상·관계 긴장·몸 상태와 장미,운동·식물·정장 모임·침대·스위치,부부 관계·불편감·정서 변화와 장미의 마무리 소실,"The video follows the daily life, social interactions, and shifting relationship dynamic between a woman dedicated to fitness and her husband. Early scenes depict their domestic routine around their residence, where the husband accidentally splashes his wife while watering balcony plants. Highlights of her lifestyle emphasize her commitment to exercise, showing her stretching in a gym and later appearing in a red jacket among an athletic delegation. 

The narrative shifts through a variety of vibrant settings, including a poolside, a bustling train station where the man walks in a flamboyant jacket, an office conversation, and a nightclub dance floor. Throughout these encounters, the man frequently attempts to project charm and draw attention to himself. 

Social engagements culminate in a dimly lit, upscale restaurant. Dressed in a sparkly black evening outfit, the woman joins two men in suits at a candlelit table set with wine. Subtle tension and amusement arise as she addresses one of the men, who appears surprised by her presence and comments, prompting a serious and slightly awkward dynamic as the men converse. 

Later, the tone becomes more reflective and somber. The woman is shown resting in bed looking exhausted and clutching her chest, conveying distress or discomfort. The sequence transitions outside to a residential street where the suited husband bids farewell to his wife, who watches from a balcony, as he prepares for work. The footage concludes around his parked car as he holds a bouquet of red roses, culminating in a hand pressing a wall switch alongside the flowers to signal the end of the episode.","The video portrays a series of diverse moments featuring various individuals in contrasting settings. Initially, people in grey shirts tend to plants while holding cups, nearby someone in a white leotard stretches toward a person in a red shirt, who stands beside another individual wearing a red jacket.

The focus then shifts to a more formal office or business environment. Several figures in black suits, along with individuals in a black-and-white jacket, a yellow floral shirt, and a black dress, gather around a desk. Some raise their hands or look upward, while others interact closely, greeting one another and sharing smiles. In a related gathering, people wearing suits and black dresses interact warmly, laughing, pointing, smiling, and holding onto one another.

The video also captures a sequence of varied personal activities across different locations. One person in a floral robe lies in bed, while another dressed in a white shirt stands on a balcony. Outside, individuals in formal attire stand beside a car, and a hand is seen reaching out to press a switch.",artifacts/runs/v4_260922/extraction/summaries/desc_qwen/microlens_100k_00053.json,artifacts/runs/v4_260922/extraction/summaries/graph_qwen/microlens_100k_00053.json,fa4c2f58cf5027ca12318a8b02ed00fbd97cfffa038deee7ad77fa1a52e169eb,302a11ff45931bfe7beec6751d66b18363645bfdd31c041422e018693bd5e069
54,microlens_100k_00054,핵심 손실,H,"T,P,N,R","원신 보스전 패배 후 성유물·무기 강화, +20 스탯 평가",사람들의 컵 게임과 모자 쓴 새들의 상호 업그레이드,게임·아이템·성장 메커니즘 소실; UI 의미가 물체·동물 관계로 변경,"The video opens with a humorous transition from a multiplayer online battle arena team roster screen to the action role-playing game *Genshin Impact*. After selecting a character, the player enters a dungeon environment to confront challenging enemies and a boss. During the multi-target combat encounter, the player unleashes powerful abilities, including a large purple energy explosion, but is ultimately defeated by the boss while maintaining a lighthearted, amused reaction. 

The focus then shifts toward resource management and character progression. The player collects various loot items, including artifacts and a new weapon, before proceeding to upgrade their equipment and stats. Through consecutive enhancement stages reaching levels up to plus twenty, the interface details significant stat boosts, including marked increases to elemental damage bonuses, attack power, and critical hit rate. Throughout the enhancement process, playful and sarcastic commentary accompanies the stat rolls as the player finalizes the character upgrades.","A group of four people stands together, arranged side by side in a continuous circle. Among them are a person with white hair and blue eyes, another wearing a white coat with black hair, and two individuals with black hair dressed in black jackets. 

Nearby, a person in a white shirt plays a game using a large collection of colorful cups. The assortment includes a red and white cup, a blue cup, a green cup, and single cups in purple, yellow, orange, white, black, and red. 

Elsewhere, four smiling birds wearing hats appear in a sequence, each actively upgrading the next in a continuous cycle.",artifacts/runs/v4_260922/extraction/summaries/desc_qwen/microlens_100k_00054.json,artifacts/runs/v4_260922/extraction/summaries/graph_qwen/microlens_100k_00054.json,9fcf79aef8ef421ccbb8dca587cefcc9a30203eace29749d9c76ec5febbfbf36,45b54bf923e264a3861635eaa06380e6e7b37ce3e83955d21339fb1dc3fd82cf
55,microlens_100k_00055,핵심 손실,H,"T,I,P,N,R",스트리머의 쌍 AWM 도전·저격 전술·승리와 밈,모자·헤드폰을 쓴 집단과 총격,"스트리머/게임 화면 구분, 무기 도전과 승패 소실; 화면 요소를 동석 집단처럼 묘사","A streamer wearing a cap and headphones plays a first-person shooter game, likely PlayerUnknown's Battlegrounds, presented in a split-screen layout with his webcam inset alongside the gameplay. Seated before a microphone in a room decorated with framed jerseys, he provides commentary and reacts to the match while navigating a rural, open landscape filled with hills, trees, and vehicles.

Throughout the match, the gameplay centers around acquiring and wielding high-powered AWM sniper rifles. The player drives across the map, manages inventory menus to select ammunition, and uses both magnified scopes and red dot sights to target adversaries hiding behind rocks and trees. The streamer maintains an engaged, amused demeanor, smiling and narrating tactical decisions as eliminations are secured. Humorous on-screen illustrations, reaction clips, and commentary emphasize the challenge and absurdity of attempting to win with dual AWM weapons. 

As the match winds down to the final remaining opponents, the player engages in combat around a vehicle and successfully defeats the last enemy. The video concludes with the streamer celebrating a victorious match, accompanied by celebratory graphics, meme cutaways, and a satisfied reaction from the host.","The video features several shifting group scenes highlighting close interactions, armed confrontations, and seated discussions. Initially, a group wearing black caps interacts playfully while smiling and laughing, even as some hold guns and grasp onto one another. 

In another scene, individuals gather around a person in a black shirt, who is held by a smiling companion in a brown cap, a seated person wearing headphones, and another standing person in a black shirt. Later, four seated individuals dressed in black hoodies are positioned in a circle, looking toward one another in turn. 

A confrontation also takes place involving armed individuals, where a person in a red jacket and another wearing a black cap shoot at each other with weapons. Nearby, a smiling person in a brown cap and a laughing person wearing headphones hold onto the individual in the red jacket during the exchange.",artifacts/runs/v4_260922/extraction/summaries/desc_qwen/microlens_100k_00055.json,artifacts/runs/v4_260922/extraction/summaries/graph_qwen/microlens_100k_00055.json,3a748d89b589eff1720354b554c197e2601c68a87f0072fc33ea71ba8406dce0,0d6438f97bf80607f039571b0e58c4b5bfd678bf01d4551a73ccd8188650f236
56,microlens_100k_00056,부분 손실,M,"T,P,C,R",한 남성의 강도 높은 훈련·팔굽혀펴기·의지,여러 사람이 운동하고 바닥에 누움,구체적 운동·자기 극복 정서 약화; 단일 인물→집단 차이,"The video focuses on a determined man undergoing an intense journey of physical exertion and discipline. Wearing a black tank top, he begins by shouting with a defiant expression, establishing a moment of high tension and personal challenge. The sequence captures his rigorous training in motion, including a low-angle shot of his muscular back as he performs push-ups. Set against a dark, atmospheric environment lit with cool blue tones, the scenes culminate with the man viewed from behind, his face partially obscured, conveying a sense of triumph and victory at the end of his disciplined efforts.","A group of people are gathered in an exercise setting. A person wearing a black tank top looks forward while speaking to another person dressed in a black shirt. Nearby, a shirtless person engages in exercise beside the standing individual in the black shirt, while another shirtless person lies on the floor nearby.",artifacts/runs/v4_260922/extraction/summaries/desc_qwen/microlens_100k_00056.json,artifacts/runs/v4_260922/extraction/summaries/graph_qwen/microlens_100k_00056.json,5722dacb94f328cc22a829d3e2ff62413616dcabec9a72dfcc3f7b74404821f1,982c72d3d55d6460b2012be3c2fc81d9ec301ac14a58532bc125e466526a508a
57,microlens_100k_00057,핵심 손실,H,"T,P,N",MOBA 저체력 교전·기동 기술·처치 보상·구조물 파괴,빨강·파랑 옷 인물의 순환 공격과 점프,게임·체력·기술·보상·승리와 구조물 변화 소실,"The video showcases intense gameplay from a mobile fantasy multiplayer online battle arena (MOBA) game. Throughout the matches, which unfold across lush green environments with riverbanks, stone structures, and trees, a player navigates high-stakes combat using a character equipped with powerful abilities. 

Initially, the player battles near the water's edge despite having critically low health, targeting an enemy tank or support unit with ranged attacks and a blue-light special ability. Multiple players assist in the assault, dealing heavy damage while moving swiftly across the map. The player continues to engage in rapid, tactical skirmishes, utilizing a mix of ranged skills, high-damage strikes, and quick-movement escape abilities to systematically eliminate low-health enemy units. These engagements yield rewards including gold, experience points, weapons, and armor, culminating in the defeat of the opposing forces.

The action then transitions into dynamic, climactic game sequences. In an ornate chamber decorated with stone architecture and glowing blue floor patterns, characters surround a shattered mechanical energy construct that erupts with red aura and crystalline shards during an explosive assault. Finally, a warrior wearing a red and black outfit with a flowing cape leaps into the air from an intricate, glowing circular platform, set against a sweeping backdrop of mountains, a river, and a cloudy sky.","The video depicts an ongoing confrontation among several figures. Initially, combatants wearing red attire, including jackets and armor, clash in a melee against opposing figures dressed in blue shirts, jackets, and armor, with the participants actively attacking one another in a circular struggle. Later, the dynamics shift as a person in a red jacket leaps toward a group of figures clad in red and black outfits, one of whom holds a weapon while the others stand nearby.",artifacts/runs/v4_260922/extraction/summaries/desc_qwen/microlens_100k_00057.json,artifacts/runs/v4_260922/extraction/summaries/graph_qwen/microlens_100k_00057.json,415379c71881f4535f871fcd6f5e917356d7ae26efe9b3a7e89cb056b5f9df5e,04d9271523e7a1bf8e187957a20aca60a0d1fd6cf47d2504feb928270cea20ec
58,microlens_100k_00058,핵심 손실,H,"N,I,C",추락·구조·재회 뒤 사과와 고아라는 과거 공유,울거나 웃는 인물의 모임·손잡기,구조 사건·사과·공유된 과거와 감정 변화 이유 소실,"The animated narrative centers on a group of young characters navigating emotional conflicts and personal connections. It begins dramatically on the deck of a boat, where a blonde girl in a white dress weeps before falling into the water. Following a rescue, she reappears smiling inside a well-stocked shop alongside two happy companions, marking a relieved reunion. 

The story transitions through various everyday environments, including an outdoor market street where a character with light blue hair and an orange jacket amiably holds hands with a blonde companion. The setting then shifts indoors to a brightly lit, cozy living room that serves as the backdrop for shifting interpersonal dynamics. Initially, a cheerful blonde girl in a plaid skirt engages in a playful, flirtatious exchange from atop a small table. Soon after, tension arises as a brown-haired girl in a white dress cries on the table while keeping her distance from a blonde girl in a red cape, who tries to diffuse the anger. Other children, including a boy with brown hair and a blue-haired girl, observe from a couch, with the blue-haired girl and the blonde girl ultimately exchanging apologies. 

Finally, the entire group gathers quietly in the living room, surrounded by household furniture and plants. Standing and sitting together while holding hands, characters including the blue-haired figure, the girl in the red cape, and others display somber, downcast expressions as their shared past as orphans is revealed. The video closes with a brief shot of an empty room containing a yellow stuffed animal and a game board on the floor.","The video features various groups of individuals gathered together, displaying a range of contrasting emotions from distress to happiness while interacting closely. 

Early on, a crying person with white hair stands in a line beside a companion in a red jacket, a smiling person with blue hair, and another with blonde hair. In another sequence, several people stand side by side holding objects; while some individuals hold pillows—including one wearing an orange jacket and blue hair alongside a smiling blonde—others stand nearby holding phones, including a person in a red dress with blonde hair and others with brown hair.

The gathering also shows seated and standing individuals comforting one another. While people in an orange jacket and a pink shirt sit, a crying person with blonde hair in a red jacket holds two individuals standing beside them: a smiling blonde also in a red jacket and a crying companion dressed in white with brown hair. 

Finally, a larger group is shown standing and sitting closely together in a line, holding hands. Among them, several individuals are crying, including those with blonde and brown hair, while a companion with blue hair smiles. A seated person with black hair and others with blonde and white hair join in holding hands across the connected group.",artifacts/runs/v4_260922/extraction/summaries/desc_qwen/microlens_100k_00058.json,artifacts/runs/v4_260922/extraction/summaries/graph_qwen/microlens_100k_00058.json,a9ca34adea622ccb4a5975e7e24ce44ec2c95ddf34501430e696f330575937bd,f838e55fc2f32160d91e3c1ef202f2dbe2280067514584da9c5e32e65e232142
59,microlens_100k_00059,핵심 손실,H,"N,I,T",교사가 학생에게 지각 책임과 공연 과제를 요구,흰옷 집단의 접촉·대화·차량,교사/학생 관계와 권위·벌·공연 과제라는 코미디 갈등 소실,"A female teacher with long brown hair, glasses, and a white collared shirt confronts a group of male students in a dorm-like room with wooden walls. Initially standing outside a door, she catches the students by surprise, causing panic and shock among a black-haired young man, a blonde young man, and another wearing a blue headscarf. A chaotic and comedic scramble ensues over dressing and finding clothes before the teacher takes a seat to exert her authority. 

Standing firmly, she points sternly at the students and threatens to contact their parents over issues like tardiness. She then leverages this authority to assign a performance task for an upcoming program. A dark-haired young man with a green pendant necklace attempts to argue, raising a finger in confrontation, but the teacher insists he perform martial arts or dance. Conceding defeat, the young man throws up his hands in resignation before addressing his peers.

Later, the narrative transitions outside near a modern building and urban park setting. The dark-haired young man interacts with a blonde woman wearing a dress alongside a white-and-black sports car. She questions him about attending school and makes a pointed remark doubting his chances of getting ahead, establishing a continued sense of personal tension and challenge.","The video features a series of interactions among different groups of people. Initially, several individuals, mostly wearing white shirts alongside someone in a blue shirt, stand closely together in a circle. In a subsequent moment, a line of people touch each other in sequence, beginning with a person covering their face and extending down to a seated woman with long hair wearing blue high heels. 

Conversations then take place around tables and indoor spaces. In one setting near a table with a book, a person with blonde hair in a white shirt talks with and points at another person wearing a white shirt, while someone in a blue shirt participates in the discussion. Another scene depicts seated individuals in white shirts being watched by onlookers, including a person wearing glasses and another wearing a necklace. Nearby, a group in white and blue shirts stands together while one member points toward another. 

Later, people wearing white shirts interact with individuals dressed in matching pink dresses with blonde hair, with one person in white raising a hand while speaking to them. Finally, the setting moves outdoors onto a road, where a person in a white shirt and others with pink hair wearing red dresses stand beside and hold onto a white car.",artifacts/runs/v4_260922/extraction/summaries/desc_qwen/microlens_100k_00059.json,artifacts/runs/v4_260922/extraction/summaries/graph_qwen/microlens_100k_00059.json,2067bca29a1abf8bf0d5949acabc3e6286e4b60cc05eaf8f7d3cdef77346840a,4041e43ddfee1131f49554257e409533161a0b4ecfa1a953c2b9761fdca0c746
60,microlens_100k_00060,핵심 손실,H,"N,C,R",두 캐릭터의 위로·거절·상처 후 해변에서 친밀감 회복,금발·백발 집단의 접촉과 마지막 속삭임,"거절→화해의 감정 변화, 도서관→해변 전환 소실; 인물 증식","The video centers on the emotional interactions between two anime-styled characters: a blonde-haired individual and a companion with long white hair, purple eyes, and a black headband marked with ""888."" 

Initially set in a library filled with bookshelves, the blonde character holds a pink book and reflects on a desired life. The white-haired companion approaches with concern, attempting to comfort the blonde character as they discuss work, ultimately leaving the white-haired character looking downcast and saddened by the conversation.

The setting then shifts to a sunny beach with clear blue skies and turquoise water. While the blonde character initially displays excitement at seeing the ocean, the interaction quickly sours into emotional distance. The blonde character dismissively sends the other away, leading the white-haired companion to react with sadness, disappointment, and hurt over the cold rejection. 

Later, against the same tropical beach backdrop, the dynamic softens into a tender and romantic exchange. With the blonde character now wearing a pink flower crown, the two stand closely together amid glowing sparkles and heart effects. An affectionate gesture on the cheek prompts a shy, gentle reaction and playful teasing from the white-haired character, concluding the narrative on a warm, intimate note.","A group of individuals with distinctive blonde or white hair interact while gathered together. Initially, individuals wearing black headbands stand alongside others dressed in black shirts, with a blonde-haired person holding onto a companion with white hair, as well as being held by another wearing a black headband. The group then aligns closely in a row, sporting headbands as several members—including one with blonde hair and two with white hair—raise their hands, while a person with white hair and purple eyes stands beside them. Later, the white-haired individual with purple eyes, wearing a headband, stands face-to-face with a blue-eyed companion who has blonde hair and wears a flower crown. The two look directly at each other as the white-haired individual whispers to them.",artifacts/runs/v4_260922/extraction/summaries/desc_qwen/microlens_100k_00060.json,artifacts/runs/v4_260922/extraction/summaries/graph_qwen/microlens_100k_00060.json,5f15ed9a4ce37a6e089a042b9f047b5ec954d403c0c86ab8abcdc79c003b0189,f7fef6a88557e817ad77d4acf18ffd28c8d3c6f2236ea895edeeaa34c05ebf04
61,microlens_100k_00061,핵심 손실,H,"T,I,N,P","곰·판다 병사의 코믹 전쟁, 저격총 탈취·엄폐·재정비",제복 입은 사람들이 총을 들고 줄지어 모임,"애니메이션 동물 병사, 교전·전술·피해와 유머 소실","A cartoon animation depicts a comedic, fictional military conflict featuring anthropomorphic bear and panda soldiers in an open landscape with distant mountains. A central figure, a panda sporting a green mohawk and green uniform, leads a troop of soldiers armed with rifles. 

Chaotic battles erupt across the field, marked by fiery explosions and heavy gunfire. During the fighting, the mohawked leader scavenges a sniper rifle from fallen enemy combatants and sets the bodies ablaze before retreating to hide behind a nearby hillside. Facing an unseen sniper, enemy troops in berets and helmets react with confusion, panic, and distress as their ranks suffer hits and ground strikes. 

Between engagements, the central panda addresses his lined-up troops. The soldiers, holding their weapons and occasionally a newspaper, listen attentively as they discuss their battle history, regroup after the chaotic fire fight, and prepare their next coordinated moves to descend the mountain together.","The video focuses on groups of uniformed and armed individuals assembled together in various formations. Initially, a line of people wearing green hats stand together while holding guns, with one member running among them. In subsequent sequences, people dressed in military attire—including green jackets, black jackets, and matching uniforms—gather side by side, primarily armed with rifles. In one gathering, a group dressed in green jackets advances collectively toward one of the members in their formation. 

Throughout the scenes, individuals alternate between wearing green hats, helmets, and brown headwear or brown uniforms, maintaining coordinated positions beside one another. At one point, several individuals holding rifles interact directly, engaging in handoffs between members wearing green hats and those in brown uniforms. Across the various scenes, the personnel stand side by side in organized lines, holding their rifles and maintaining their formations.",artifacts/runs/v4_260922/extraction/summaries/desc_qwen/microlens_100k_00061.json,artifacts/runs/v4_260922/extraction/summaries/graph_qwen/microlens_100k_00061.json,1dac2262d93d212b192fe706f4c8a437263b3f28a8b8c3a3601f7d4ad3b154cd,7cb1e4a396f44a0f4aaad399d51965f71c3d30bf413a85c10b41fd3ebe114d8a
62,microlens_100k_00062,핵심 손실,H,"T,N,C",추모식에서 폭력 충돌 후 큰 구조물 화재,머리띠 집단의 대화·충돌·마지막 대열,추모 의례와 마지막 대형 화재·파괴 결과 소실,"Under an overcast sky in a rural setting, a large gathering centers around a solemn ceremonial event and quickly descends into violent turmoil. Initially, the crowd participates in a memorial service, where a framed portrait rests on an altar flanked by bottles of liquor. A procession of men wearing headbands and traditional attire carries an ornate banner through the attendees, alongside groups of men dressed in matching white and black shirts waiting in tense anticipation. During the event, prominent individuals—including a man in a floral-patterned shirt and glasses, and another man in a headband—engage in confrontational exchanges, drawing concerned and watchful reactions from onlookers under umbrellas.

The underlying tension soon erupts into a public confrontation. A man in a black jacket, later seen with a bandaged head, addresses a woman with short dark hair before facing the restless crowd, sparking shock and agitation. The gathering rapidly deteriorates into physical altercations, with men pushing, shoving, and knocking over furniture amid dusty chaos. In the ensuing struggle, a man carrying a worn sack attempts to escape through the crowd but is forcefully seized, dragged, and restrained on the ground by several individuals. 

The chaos reaches a dramatic peak when a massive fire breaks out. Thick smoke and bright orange flames engulf a large temporary structure in the background, consuming parts of the setting and debris. The dense crowd, holding black umbrellas against the haze, watches with somber, focused expressions as the structure burns, leaving the event in complete disarray and destruction.","A group of people wearing white shirts and headbands gathers together, standing alongside an individual in a floral shirt and glasses who speaks to them. The participants, some wearing sunglasses, stand in line as conversations occur and individuals raise their hands and smile. Among them are people dressed in black shirts and black jackets, including one standing with crossed arms. 

Tensions escalate as individuals in black jackets closely observe those in white shirts. A sudden altercation breaks out where someone in a black jacket charges toward the group, causing people in white shirts to push each other and fall to the ground. In the commotion, an individual in a light-colored shirt runs past, pushing someone with a bandaged head while another person with wet black hair holds on and falls to the ground. Afterward, a large lineup of individuals alternating between black and white shirts stands quietly side by side.",artifacts/runs/v4_260922/extraction/summaries/desc_qwen/microlens_100k_00062.json,artifacts/runs/v4_260922/extraction/summaries/graph_qwen/microlens_100k_00062.json,48a9419c4597d7ea2a6defab96a633fd852a8d42e5750c36a956fc02db8ad307,4800228f3353856708be3fb8b9de847f4b5049c3da2609a4584c9b2f9fba4ec6
63,microlens_100k_00063,핵심 손실,H,"T,N,P",항공기 엔진 고장과 정비 인력 확보·도구 문제,제복 입은 인물들의 문서·대화·버스,"항공기 수리라는 목적, 고장 원인·해결 노력 소실","On a flat tarmac under a hazy sky, military personnel in blue uniforms and fur hats work intently on a small white jet mounted on a stand. While men attend to the wing and cockpit, a commanding figure in a green uniform and red-starred hat sternly questions another worker about using the wrong tools to address a problem with the aircraft, warning of severe consequences.

Later, the man in the green uniform and red-starred fur hat stands inside a room adorned with propaganda posters. Holding and reading a document, he deliberates deeply before asserting his firm decisions, maintaining a solemn and resolute posture. 

Meanwhile, in a utilitarian office stacked with files and books, a middle-aged man in a pinstriped shirt sits at a desk in intense focus, determined to secure a mechanic to repair an aircraft engine despite significant costs. The scene shifts to a group gathered around a vehicle at a bus station, where an associate in a green uniform and cap speaks quietly with the others. The gathering confirms that the engine is indeed broken, highlighting an urgent and critical effort to resolve the mechanical failure.","A group of people stands gathered closely together, including individuals in blue jackets, green jackets, and a person in a white shirt who looks downward. 

Nearby or subsequent interactions center on a group in green uniforms. One of them wears a hat with a star while speaking with another uniform-wearing individual holding a document. Others in matching attire stand beside them, listening and conversing. 

Elsewhere, a person in a dark striped shirt sits at a desk. Outside, others interact around a bus, with someone in a blue shirt seated inside while individuals in a green uniform and a grey shirt stand alongside the vehicle.",artifacts/runs/v4_260922/extraction/summaries/desc_qwen/microlens_100k_00063.json,artifacts/runs/v4_260922/extraction/summaries/graph_qwen/microlens_100k_00063.json,b8a14a9c256feae7ab5510fe9ec0465e541ecf0724a9564de51ec0e31ff755cf,6faf8301a84a0e82547c8793b0bfe0e88e9f3575a460f0207cbb1220b7b5f39e
64,microlens_100k_00064,부분 손실,M,"T,I,P",가족이 어른들에게 줄 선물 장보기·분류·명절 준비,상자 열기·쇼핑·계산·휴대폰,"가족 관계와 선물 대상·행사 준비 목적, 구매 품목 구체성 소실","Family members prepare for a special occasion or gathering by shopping, sorting gifts, and organizing household items. The video begins with a woman in a light green top with a white ruffled collar shopping in a supermarket, accompanied at times by an older woman in a patterned blouse. Together, they browse through household essentials and groceries, including protein powder, slippers, and paper products, before checking out. 

Back at home, the family sorts through their numerous purchases and presents. In the kitchen and living room, the woman in the patterned blouse, identified as the mother or mother-in-law, steadily unpacks food and organizes a variety of gift boxes and colorful shopping bags, including a red gift bag and cartons of eggs. A man in a grey t-shirt joins in the sorting process, discussing and examining red gift boxes around the table and kitchen counters. 

Later, the two women sit together in an ornately furnished living room and converse about the gifts being prepared for older family members. The younger woman, seated on a large dark red leather sofa, looks over items including dishwashing liquid, examines a brown paper bag, and focuses on her phone with a smile. The sequence captures their routine interactions and lighthearted family discussions surrounding the festive preparations.","The video captures various interactions involving a group of people across different settings. Initially, an individual in a grey t-shirt holds and opens a box while a companion in a green shirt points at it, standing alongside someone in a black and white patterned shirt. 

The scene then shifts to shopping, where a person wearing a black and blue patterned shirt and necklace speaks with someone in a green top with a white collar who is holding a shopping cart and selecting product boxes, while another shopper in a light green top browses nearby. At the checkout counter, a person pushing a cart in a green shirt accompanies someone in a black and white patterned dress, who hands food over to an employee wearing a green vest. 

Later, the individual in the black and blue patterned shirt holds a water bottle and sits beside the person wearing the green shirt with a white collar. Finally, a smiling person in a green shirt holds someone looking at a pink phone, who is also being held by an individual in a blue shirt standing beside them.",artifacts/runs/v4_260922/extraction/summaries/desc_qwen/microlens_100k_00064.json,artifacts/runs/v4_260922/extraction/summaries/graph_qwen/microlens_100k_00064.json,4406d147c652879b40ba59adf119e22d8a0173af949f8f0d82ed31780f5850ea,ffe46fc437641ee246397ef2b15e8e92045e2018d280d2f852aa2798dd552147
65,microlens_100k_00065,부분 손실,M,"P,N",MOBA 스킬·체력·점수·거점 주변 전투,게임 참여와 빨강/파랑 전투 보존,장르 세분화와 스킬 기능·상태·전략적 거점 소실,"The video captures gameplay from a competitive multiplayer online battle arena (MOBA) game, such as *Honor of Kings* or *League of Legends*, set in a lush, green landscape with stone paths and rocky terrain. Across the matches, characters engage in intense combat, deploying unique abilities, tactical skills, and visual spell effects while managing health bars, damage indicators, and strategic objectives.

In one sequence, combat centers around a large, armored warrior emitting glowing blue energy who clashes with a smaller, agile opponent attempting to counterattack amid surrounding minions. Another segment highlights a dark-armored warrior wielding a large sword, actively fighting an enemy champion while maintaining full health as their team leads the match score. Combat also takes place around a large, ornate golden defensive structure or key objective, where multiple characters, including one in blue and white, trade attacks. Throughout the gameplay, the interface reveals players coordinating strategic moves—such as base recalls, healing, sprint boosts, and enhancements—alongside match timers, scores, and status bars, before the video eventually transitions to a black screen.","The video centers on a group of people engaged in gameplay and simulated combat while a black-haired observer watches nearby. Initially, three players—two with red hair and one with blue hair—stand alongside one another and the observer as they play. The activity escalates into combat between participants in red and blue outfits, with the combatants attacking each other in sequence while the black-haired onlooker continues to watch from the side. Following the engagement, a group of black-haired individuals stands together, continuing to play the game beside the watching individual.",artifacts/runs/v4_260922/extraction/summaries/desc_qwen/microlens_100k_00065.json,artifacts/runs/v4_260922/extraction/summaries/graph_qwen/microlens_100k_00065.json,1f149312bf6d9d8a09261f7bad2e542256482d19d1006adbb161668ee00837eb,3fe852f4a32111db690cb4bf9aa40998860812e0b70a94fbf049bf752e40dc7e
66,microlens_100k_00066,핵심 손실,H,"T,I,P",SSR 바다 마녀 해금과 제어·감속·방어 감소·보호막·팀 강화 분석,인물 전투·일반적 버프/공격 메커니즘·인어,SSR 캐릭터 평가 목적·이름과 세부 능력 기능 소실; 버프 개념은 일부 보존,"This mobile fantasy role-playing game video showcases the unlock and tactical analysis of the SSR-ranked character Sea Witch, a control-type soul master with a mermaid-like design. The presentation begins with the player unlocking the high-tier character, reviewing her baseline stats, and inspecting her equipped gear before exploring her skill set in depth. 

The video systematically examines her various soul techniques, highlighting their utility in both offensive enhancement and tactical defense. Detailed skill descriptions break down abilities that debuff opponents by lowering attack speed, reducing defense, and weakening targets under specific blessing or curse conditions. Simultaneously, other showcased mechanics demonstrate her capacity to mitigate incoming damage, deploy protective shield effects, and apply substantial, stacking damage boosts across the party. Demonstrations highlight high-tier abilities and soul ring passives, including damage multipliers, critical hit interactions, and control effects that can disrupt enemy skill activations. 

In-game combat demonstrations feature Sea Witch supporting a team lineup against enemy squads, testing her performance during battles and long-format encounters. Combat segments illustrate her shields, debuff applications, and significant party damage enhancements in real time, accompanied by tactical commentary and end-of-battle outcome screens evaluating her effectiveness. A brief, joyful dog cutaway appears during the early unlock segment, and the video concludes with an animated holiday-themed avatar posing against a colorful festive background.","The video highlights dynamic character encounters, combat abilities, and playful interactions. Initially, a group of figures is gathered together, including two weapon-wielding individuals with blue hair, a smiling person with red hair, and a figure with black-and-white fur lying down nearby. The focus shifts to an active battle sequence featuring several figures with white hair, one in a blue outfit, and multiple armored combatants clad in black, with one armored fighter launching an attack against an opponent with white hair.

Skill mechanisms are detailed, demonstrating passive combat enhancements, team buffs, and offensive enemy modifiers that alter character speed and attack probabilities. Subsequent combat action displays multiple figures dressed in blue outfits wielding weapons, dancing, and engaging one another in mutual attacks. 

The presentation continues with a group of characters standing alongside a mermaid sporting a blue tail. Finally, the scene transitions to a wintry setting where a person wearing a red jacket and goggles stands alongside another dressed in a white fur coat who points ahead. Both individuals are seen holding snowmen, bringing the sequence to a close.",artifacts/runs/v4_260922/extraction/summaries/desc_qwen/microlens_100k_00066.json,artifacts/runs/v4_260922/extraction/summaries/graph_qwen/microlens_100k_00066.json,51fe64c12ff766a8c6e7b6198c033f84a7d9c621b91d44a031fdd910c14d7248,e4f1b6e76fada4ae99561f46b96277bbd26ada0b262f8eb06646c19653419796
67,microlens_100k_00067,경미,L,"I,C",바다·노을·후지산·감성 자막의 풍경 모음,노을·해안·눈 덮인 산·배 보존,후지산 명칭과 로맨틱한 자막 정서 누락; 핵심 풍경 보존,"The video captures a collection of serene, contemplative coastal landscapes under varying atmospheric conditions, accompanied by introspective text overlays that evoke themes of romance and emotional connection. 

Initial scenes showcase a dramatic, vibrant sunset casting deep orange and yellow hues across the sky and textured water of a bay or harbor. Silhouetted ships drift in the distance, set alongside distant hills, a prominent electricity pylon, and a bicycle resting in the foreground. Other views feature a vast, choppy sea framed by a large, gnarled tree beneath a moody sky filled with dark clouds and a golden glow along the horizon.

The visual focus then transitions to brighter, calmer coastal settings characterized by deep blue waters and gentle waves. A snow-capped peak, identifiable as Mount Fuji, rises prominently in the distant background beyond a settled coastline and hazy mountain ranges. A small white motorboat carrying passengers navigates slowly across the open water near a rocky island, emphasizing a quiet, peaceful atmosphere set against the expansive natural environment.","Along a coastal landscape, a glowing orange sun sits near the horizon over the water, where several ships appear as dark silhouettes moving across the calm, undulating sea. Near the shore stands a tall metal power transmission tower. 

From another vantage along the water, a tree with dark branches leans near the shoreline overlooking the blue waves. In the distance across the water, a city sits along the coast set against a backdrop of snow-capped mountains beneath a sky filled with dark clouds and an orange horizon. Further out on the open water, people row across the surface in separate boats—one white and one dark—framed by the distant snow-capped and blue mountain peaks.",artifacts/runs/v4_260922/extraction/summaries/desc_qwen/microlens_100k_00067.json,artifacts/runs/v4_260922/extraction/summaries/graph_qwen/microlens_100k_00067.json,dddfcf28842ac005055e25ee714e3b106357c495da3b86ffc8d91cf2467541d1,b5726517cf824fbb4d6f1627d474da8bd30d5a8f9c2434f8bb32331263233fc7
68,microlens_100k_00068,핵심 손실,H,"T,N,I",커플의 러시아 대사관 비자 신청과 성공 후 안도,사람들의 서류 처리·차량·전화·의료 공간,비자라는 목적·대사관·성공 결과와 커플의 감정 흐름 소실,"The video documents a couple’s journey to navigate a visa application process. It begins in an apartment where a man in a white t-shirt and a blonde woman in a white collared shirt converse with the camera, discussing their concerns and potential difficulties regarding the visa. After the woman leaves her hotel and encounters minor frustrations while reviewing documents on the street, the pair travels by car to the Russian embassy. 

Inside the official building, the woman focuses intently on examining and processing her paperwork and passport at a service counter. Once the administrative appointment concludes, the man stands outside the gated building displaying a red passport and announcing to the camera that they have finally finished. 

Returning to the car, the couple reflects on the ordeal. While the woman previously felt anxious, she now smiles, flashes a peace sign, and looks at her phone in relief as they celebrate successfully securing the visa. The video later transitions to unexpected subsequent events, showing the woman reacting in surprise on a phone call, followed by a visit to a medical setting where the man sits in a clinical chair while a uniformed healthcare worker writes on a clipboard. The man and woman conclude by speaking together outdoors, hinting at further updates to be revealed later.","A group of people, mostly wearing white shirts, engage in various casual activities and administrative tasks across several settings. Initially, individuals stand together conversing, with one person in a grey shirt writing while others stand nearby. Later interactions include people talking, smiling, and laughing while checking or holding a mobile phone. 

In indoor service and travel settings, a person in a pink shirt stands at a counter beside another person wearing a grey shirt and backpack, while someone in a white shirt and sunglasses sits in a car. Administrative interactions also take place as individuals review and hold documents, with one person in a red jacket standing alongside them. 

The group is also seen sitting together, some wearing sunglasses, talking, smiling, and looking at both mobile phones and the camera. In another indoor space, individuals in white t-shirts stand and sit near someone wearing blue scrubs seated in a chair.",artifacts/runs/v4_260922/extraction/summaries/desc_qwen/microlens_100k_00068.json,artifacts/runs/v4_260922/extraction/summaries/graph_qwen/microlens_100k_00068.json,de05a001ef9fa6f6a981b07f0a4636fe471e0515084c530cd504aa517d31be7f,b22306172192dccfc042450d2f6c13d8381c6ab1750d213d99f6f0f1cd654019
69,microlens_100k_00069,핵심 손실,H,"T,N,C,P",아동과 괴물의 감금·수술·주사·변형을 다룬 공포 애니메이션,다채로운 인물의 포옹·감정·의료 상황,실험·수술·변형과 위협의 맥락이 약화되어 공포 정체성 손상,"The animated video presents a dark and suspenseful narrative centered on distress, medical trauma, and sinister transformations. A recurring young boy—variously depicted with spiky hair, suspenders, and an expression of deep sorrow or terror—is shown in somber, dimly lit spaces, often crying, holding a blood-stained plush toy, or embracing a blood-spattered girl. Surrounding him and other distressed children are diverse entities, including a large, pink jellyfish-like creature with long tentacles, a red mechanical or monstrous figure, and a blue, furry creature known for its wide, toothy grin. 

While some interactions show the pink tentacled creature embracing smaller figures and offering apparent comfort, the overarching tone shifts toward clinical horror. Scenes feature children in hospital gowns outside an orphanage, followed by overt medical procedures: patients lying in hospital beds, gloved hands making surgical incisions with a scalpel on the blue monster, and syringes injecting green and red substances into cracked surfaces and limbs. 

Throughout the sequence, characters undergo unsettling emotional and physical shifts. Small, colorful creatures appear trapped, crying, or violently destroyed, with red substances marking several faces. Figures alternate between innocent vulnerability and menace, including a character split between a cheerful and a sinister expression, and a yellow-headed figure that devolves into despair and black-masked consumption before shifting into a celebratory state. In the end, the blue monster holds a sleeping child with a predatory, glowing-eyed grin, reinforcing the pervasive atmosphere of fear, captivity, and dark experimentation.","The video centers on several expressive characters and colorful creatures undergoing shifting emotional states, embraces, and medical situations. Initially, a person with brown hair in green suspenders and a red-haired person wearing a blue bow join together to hold a pink-skinned figure wearing a green party hat, who in turn holds and is held by a purple-skinned party-goer. 

The mood shifts to sorrow as a red-haired individual and a purple-skinned character weep while holding a sleeping orange-bodied entity, alongside a smiling yellow-bodied figure. Distressed interactions continue when a crying individual with orange hair hugs a brown-haired person who holds a shirt. Nearby, a yellow creature lies on the ground, accompanied by a pink hand grasping a syringe. 

In a lighter moment, a smiling red-haired character is connected in a continuous chain of touches flanked by multiple wide-eyed, blue-furred creatures. Soon after, tension returns as a screaming person with blue hair is held by a masked character with pink hair. Nearby, another figure lies on a bed holding a syringe alongside a smiling yellow and green creature. Finally, a pair of red-skinned characters holding creatures stand beside two blue-haired figures, one dressed in suspenders and the other in a white shirt, who stand together as hands are raised.",artifacts/runs/v4_260922/extraction/summaries/desc_qwen/microlens_100k_00069.json,artifacts/runs/v4_260922/extraction/summaries/graph_qwen/microlens_100k_00069.json,e64acfde61b07d3e253b1dc3cd6939a2a5e752239c9f147574849a31b0ef4b59,8d90b4c1072a7443d8048690bbccd3d16021e7739c79e58957af853a1c92091c
70,microlens_100k_00070,부분 손실,M,"T,P,N",MOBA 스킬 공격과 적 처치·+200 골드 보상,게임 속 네 명의 공격,게임 세부 장르·능력과 처치·보상 소실; 게임임은 유지,"The video showcases gameplay from the mobile title *Honor of Kings*, capturing a fast-paced battle set across a lush green battlefield dotted with stone structures and trees. A player actively controls their character, which is enveloped in a large yellow aura and vibrant energy rings while unleashing a powerful attack or special ability. 

During the combat, the player's character successfully eliminates an enemy unit, which triggers an on-screen destroyed notification along with a +200 gold reward displayed above the defeated target. The player maintains a full health bar, with their team reduced to two remaining members while the opposing team stands at thirteen. In the bottom-left corner of the screen, an avatar of the player holding a smartphone is visible alongside a subtitle reflecting on their performance and awareness of their own limits amid the intense, effect-heavy skirmish.","Four people are engaged in a game, launching attacks against one another. A person wearing a red jacket targets a red-haired player, who is simultaneously engaged in combat with another red-haired participant as they attack each other. At the same time, a person in a blue shirt also directs an attack at the second red-haired player.",artifacts/runs/v4_260922/extraction/summaries/desc_qwen/microlens_100k_00070.json,artifacts/runs/v4_260922/extraction/summaries/graph_qwen/microlens_100k_00070.json,04db12617fcb33ced11d00b317a7e51c8306dfe07d582af51b6d1f6d23cc15d6,459dd07c287494c2248d67ab1a4cebb2c781ef731c16d4fe197cc989925339a9
71,microlens_100k_00071,핵심 손실,H,"T,I,N,C",태평양전쟁 조종사 구조·포로 학대·기아·전후 전범 처벌,군인·비행기·포로·무장 대열,역사적 배경과 생존·전쟁범죄·전후 처벌이라는 해설 주제 소실,"Set against the backdrop of the Pacific War, the narrative chronicles the harrowing fate of American aircrews and the brutal conditions of jungle warfare. On September 2, 1944, a distressed vintage American aircraft catches fire during combat, forcing crew members to bail out over the ocean and surrounding tropical islands. While most of the crew perishes, a lone surviving pilot parachutes into the sea and is subsequently rescued by a submarine crew, who are noted to have saved a future U.S. president. 

Meanwhile, captured Allied airmen face severe mistreatment and captivity in remote jungle outposts. Confined in wooden cages within dense foliage, prisoners endure harsh conditions, interrogation, and deadly executions by Japanese captors. The narrative simultaneously portrays the grim realities faced by Japanese soldiers struggling with malaria, dehydration, and starvation in the unforgiving jungle terrain. These forces subsist by raiding local villages, slaughtering livestock, and cooking whatever meat and provisions they can gather over campfires. 

The story transitions to the postwar reckoning, referencing historical investigations and testimonies that brought wartime atrocities—including executions and related war crimes committed by units such as the Japanese 41st Division—to light. Decades later, documented fragments of these events are presented to the former president, underscoring the enduring legacy of the Pacific theater's brutality, which ultimately resulted in postwar death sentences for nine Japanese soldiers held responsible for their actions.","A squad of individuals in military uniforms, armed with rifles, stand gathered together. Elsewhere, multiple people look out from the cockpit of a gray aircraft marked with a star insignia as it flies through the sky. 

In another setting, armed figures in brown uniforms surround a captive in a white shirt bound with rope, with one individual holding a sword while others kneel or raise their hands. Armed personnel, including some wearing white helmets and green uniforms, also assemble around a person in a red jacket seated inside a cage.

Later, an officer in a captain's uniform holding a flashlight stands near a person in a green jacket, while an individual in a black suit sits at a desk, accompanied by armed military personnel who raise their hands and hold rifles. Across subsequent moments, groups of armed guards—some sporting white helmets alongside individuals in civilian shirts and jackets—stand in formation with rifles held at the ready, frequently raising their hands and maintaining vigilant watch.",artifacts/runs/v4_260922/extraction/summaries/desc_qwen/microlens_100k_00071.json,artifacts/runs/v4_260922/extraction/summaries/graph_qwen/microlens_100k_00071.json,562a4e7ef6d6dfa35aa8beef19e810057b48619c1accf98ba8c4690fc34b5ebc,9a582f4580201313e289bb932408efc10c457fa21eaf65347211202e02597cf8
72,microlens_100k_00072,핵심 손실,H,"T,P,N","미래형 배틀로얄, 방어막·포털·소생·전술과 승리",갑옷 집단의 이동·점프·보라색 구체,게임 매체·능력 기능·팀 소생과 승리 결과 소실,"Across a series of high-stakes battle royale matches set in futuristic, industrial arenas, a player navigates combat zones filled with metallic platforms, shipping containers, ramps, and glowing blue and purple energy fields. The primary character—often clad in bulky white and grey armor, though sometimes appearing in different combat attire—frequently activates special abilities that generate defensive purple energy bubbles, deploy shields, or unleash energy blasts against opposing armored players. 

Throughout the skirmishes, the player maneuvers tactically around the complex map, climbing stairs and high platforms to secure vertical vantage points while coordinating with teammates dressed in orange, white, and purple outfits. Encounters involve aggressive firefights, strategic retreats, and close-quarters abilities such as high leaps and rotational blade strikes. In several moments, the combat dynamics shift as players navigate mysterious glowing portals, confront unexpected small entities emerging onto the battlefield, or withstand heavy enemy fire that results in falls and subsequent revivals by allies. Despite persistent pressure and defensive obstacles, the player successfully outmaneuvers and eliminates key opponents, ultimately culminating in a match victory.","Across various settings, four individuals in distinctive gear consistently group together, often positioned beside one another while performing dynamic actions. Initially, figures in white armor and purple outfits stand on an elevated platform alongside an individual in a blue shirt holding a weapon. The group is later seen around crates and across rooftops, where members appear in glowing green and purple effects alongside others in white or orange and white armor. 

Their activity shifts as members run and leap through the environment. Figures dressed in blue outfits jump and run alongside companions in white armor and white outfits. In similar encounters, individuals clad in purple and white armor and blue and white armor stand nearby as a teammate in white armor sprints past. In another instance, a person in a blue jacket crouches near a jumping companion in a white outfit, another individual standing nearby, and someone in white armor lying on the ground. 

Later, a group clad predominantly in white armor gathers once more on a platform, with one member standing encased within a purple bubble. Finally, the four individuals, including one in orange and black armor and three in white armor, stand and move in coordination with one another.",artifacts/runs/v4_260922/extraction/summaries/desc_qwen/microlens_100k_00072.json,artifacts/runs/v4_260922/extraction/summaries/graph_qwen/microlens_100k_00072.json,be11f16e1f257b0f22e276e4612b1ad1a55befc6ddd60a07bfb310fc1dbb1cf0,039ec235033766217f0359c49e47900f04ac1ece84a8a2e45e1628490050f5c4
73,microlens_100k_00073,부분 손실,M,"T,I,P",곰들의 요리 대회와 영양 아침식사 제작·발표,진행자 마이크와 갈색 털 인물이 음식 접시를 듦,"요리 경연과 아침식사 목적, 곰 정체성 약화","The video opens in a brightly lit kitchen with a bald host in a suit holding a microphone, flanked by two large, muscular animated bears standing behind a counter with various food items. As a culinary competition begins, the scene shifts to a playful demonstration where one of the bears joyfully prepares food as ingredients like pancakes and rice float around him. The two bears then showcase their cooking skills, happily presenting prepared breakfast items on plates, including toast with a bottle of milk and a layered sandwich. They are joined by a small child, who appears between them and looks toward the camera as the bears proudly display their nutritious breakfast dishes against a tiled backdrop.","A bald person holding a microphone speaks toward a standing figure covered in brown fur. Nearby, another individual with brown fur and a black-haired person hold plates while maintaining physical contact with one another. 

Two figures with brown fur hold a white plate that carries food, including a layered cake and a white bottle. Both figures actively support the plate, with one holding the bottle and the other holding the cake directly on the plate.",artifacts/runs/v4_260922/extraction/summaries/desc_qwen/microlens_100k_00073.json,artifacts/runs/v4_260922/extraction/summaries/graph_qwen/microlens_100k_00073.json,b49b7fdd9ab1b182ca8cda0134ffb54cbab0b3dc9b785a7941a69214b3ed9f2d,06efaba6a0cfe0540f5b1a087912a2c098a0992b4c80d2a988339568a1e7531f
74,microlens_100k_00074,부분 손실,M,"T,P,C,R","한 남성의 음식점 탐방, 지역 음식의 맛·가격·양 리뷰",차량 이동과 음식 먹는 집단,메뉴 정체성·가격/식감 평가·리뷰 목적 약화; 단일 인물 연속성이 집단으로 변경,"The video documents a young man on a dining excursion, interspersed with scenes of him driving and speaking in his car. Initially seen wearing a bright yellow t-shirt, he visits a casual eatery adorned with a colorful cow mural and red lanterns. Here, he eats and talks, sampling various items including Harbin red sausage and a spicy dish featuring noodles and green beans served in a large pot. 

Later, having changed into a black t-shirt, he drives through the city before dining at a modern restaurant with dark wood partitions. Throughout this meal, he examines and tastes several regional specialties, sharing his reactions directly with the camera. He samples a glossy eggplant stir-fry, fried meats, and steamed items such as bean-filled buns, expressing curiosity and surprise over the texture and preparation of a fluffy dumpling. He also savors a soup dish with thin-sliced pork and pickled cabbage, drinking directly from the bowl in apparent enjoyment. 

Between and after his dining stops, the man is shown inside his car, wearing his seatbelt and addressing the camera in a vlog-style format. Speaking with a serious and reflective tone, he details the cost and generous portions of the food. The video concludes with an end card listing the background music tracks used throughout the vlog.","The video follows individuals engaging in travel, dining, and conversation. Initially, people in yellow shirts are seen seated inside a vehicle while driving, with one person eating food while another gestures toward them. Later, dining activities take place as a person in a yellow shirt handles a white cup, cuts and eats food from it, and eats from a black wok while seated alongside companions wearing blue or dark shirts who watch and share the meal. 

The focus then shifts to a car ride involving people dressed in black shirts, where the occupants converse, exchange glances, and drive. Subsequent scenes highlight dining experiences involving individuals in black shirts. They handle white cups and bowls, use chopsticks, and eat various dishes, including steamed buns served from a bamboo steamer and round, salt-covered dough items. One diner holds paper and observes the food, while another wearing a wristwatch eats and drinks from a white cup alongside a companion wearing a face mask who also holds a beverage. 

Toward the end, individuals in black shirts address the camera directly, raising a hand and speaking to one another. The video concludes with a closing screen displaying music credits for the background tracks featured throughout the footage.",artifacts/runs/v4_260922/extraction/summaries/desc_qwen/microlens_100k_00074.json,artifacts/runs/v4_260922/extraction/summaries/graph_qwen/microlens_100k_00074.json,fdc35400dd7298a4d2c75a6d3fa0fdeeda82b41a7f77112ea82ac342872c636e,e6bf388047a1ac18069383f48453cbf8add5d5275f945a1ceebf261c40f16519
75,microlens_100k_00075,핵심 손실,H,"T,P,N,R",MOBA 체력 변화·무적 능력의 적과 교전·처치,네 갑옷 인물의 원형 공격,게임·능력·체력·처치 결과 소실; 상대 관계가 순환 구조로 변경,"In a mobile MOBA game, a player-controlled character engages in combat against a high-rated enemy near a riverbank. Set within a grassy battlefield featuring stone structures and water, the encounter involves the player utilizing abilities to inflict successive waves of damage on the opponent, dealing several hundred points per hit. Although the enemy is equipped with an invincibility ability, their health steadily depletes under the assault. 

During the skirmish, the player's health experiences a sharp drop, falling from over two hundred to around one hundred points before stabilizing. The player ultimately finishes off the opposing character, reducing their health to zero to secure a defeat and raise the match score. The game's interface outlines the ongoing action, displaying the team's remaining active fighters alongside standard control icons, a mini-map, and status metrics tracking the match state.","Four armored figures engage in a circular skirmish, each simultaneously targeting another. A person wearing yellow armor attacks a combatant in blue armor, who in turn directs an attack toward a figure in red armor. Completing the continuous cycle of conflict, the person in red armor assaults an opponent clad in green armor, who concurrently strikes at the person in yellow armor.",artifacts/runs/v4_260922/extraction/summaries/desc_qwen/microlens_100k_00075.json,artifacts/runs/v4_260922/extraction/summaries/graph_qwen/microlens_100k_00075.json,3f3a8b839b4cec53f7f2d52701260ec676330369648e5bc21723e9e2f8d1f9d0,681d186ae5faa174132d2fe373d28ef5edfd55a11df1543d1141fb683642fe3d
76,microlens_100k_00076,부분 손실,M,"N,I,C,R",병원의 불안한 가족·격앙된 여성 진정과 수술 지시,의료진 모임과 대화·아이·개,응급성·불안·진정과 수술이라는 대응 목적 소실; desc에 없는 개 등장,"In a tense hospital setting, medical staff work to manage distressed patients amidst unfolding emergencies. Initially, in a waiting area, an anxious man holds a young girl in a plaid shirt, gently gripping her arm while speaking with concern. A nurse in a white uniform places her hands on the girl's shoulders to offer support, while a female doctor in a white coat listens intently with a serious, focused expression as bystanders observe the interaction. 

The focus then shifts to a hospital corridor where a visibly upset young woman in a blue jacket is restrained and supported by men around her. Doctors in white coats with stethoscopes urgently intervene, gesturing toward her and instructing her to calm down and take a seat. Confronted by the medical staff, the distressed woman engages in an intense exchange with a doctor, who directs her toward surgery as the team works to resolve the crisis amidst the bustling hallway.","The video highlights medical professionals interacting with various individuals across different settings. In an initial gathering, medical staff in white coats and a nurse in a white uniform and cap are seen standing together with other people. Among them, a person in a blue jacket holds a pamphlet, while a person wearing a blue shirt and another in a white coat are each seen holding a child. 

In another scene, a large group of doctors wearing white coats and stethoscopes assemble together. Within this group, a doctor talks with a person wearing a blue jacket and gold necklace, while a person in a black shirt raises a hand and receives attention from the surrounding physicians. 

The video also features interactions involving individuals in blue shirts speaking with a doctor wearing a white coat and stethoscope, with one of the people in blue holding a dog during the discussion.",artifacts/runs/v4_260922/extraction/summaries/desc_qwen/microlens_100k_00076.json,artifacts/runs/v4_260922/extraction/summaries/graph_qwen/microlens_100k_00076.json,f7acc3bf84b7770ba079a44c51ec260dc72c0ac309a7b0f444bf360700981cd6,b02fd174639f54eecc24bd6da4fffa5049980e3d581c4137bc57f772d857b3cf
77,microlens_100k_00077,핵심 손실,H,"T,P,N","MOBA 채팅으로 대전 약속, 캐릭터·스킬·체력 관리",휴대폰 인물 대화 뒤 갑옷의 순환 싸움,게임 매체·대전 성립 과정·기술 효과와 상태 관리 소실,"The video captures gameplay from a mobile multiplayer online battle arena (MOBA) game, likely *Honor of Kings*. It begins in the lobby and team selection interface, where a player reviews their profile before exchanging challenging, competitive chat messages with another player to set up a match. 

The scene then transitions directly into combat within a stone-paved arena bordered by grass, flora, rock formations, and defensive structures. Controlling characters such as Su Lei and Yao, the players engage in intense tactical combat. A central focus is placed on a warrior character clad in distinctive red and gold armor with an ornate helmet, battling against blue and white enemy units, including a mech-like armored construct. 

Throughout the skirmish, the player navigates active combat by deploying various offensive, healing, and enhancement skills. Notable visual effects accompany these moves, including a glowing purple ring ability used to inflict significant damage, causing a noticeable drop in the enemy's health bar. The player actively manages their own depleted health alongside skill cooldowns, maneuvering around a central stone platform and occasionally transitioning through darkened areas during the high-stakes encounter.","The video begins with four individuals in black jackets, each holding a phone, engaged in conversation with one another. 

The scene then shifts to combat, featuring armored fighters clashing in a cycle of attacks. Two figures in blue armor and two in red armor engage each other in battle, striking their respective opponents. This conflict continues as a person wearing a red jacket stands and fights alongside three opponents dressed in blue outfits, with all participants actively attacking one another in turn.",artifacts/runs/v4_260922/extraction/summaries/desc_qwen/microlens_100k_00077.json,artifacts/runs/v4_260922/extraction/summaries/graph_qwen/microlens_100k_00077.json,f31f98feeabc432a153286959cf424098d874988aff99e387bdd4d9b96b199df,19d06741e4fc8092e52a1f78a49174783883e1d8e891ddbc9fd6fdac41023db3
78,microlens_100k_00078,경미,L,"I,P",농구 경기·훈련의 드리블·돌파·수비·슛 하이라이트,농구 공격·수비·패스·슛·심판·관중 상세 보존,리그·선수명 및 일부 훈련 구분 누락; desc의 Ronaldo/NBA 연결 자체는 검증 필요,"This compilation of basketball footage highlights competitive games, training drills, and individual performances across various indoor gymnasiums. The action begins with high-stakes moments referencing player ""Ronaldo"" during the 2022 NBA Summer League, complete with game metrics and statistics. From there, the video transitions into a fast-paced series of matches and practice sessions showcasing intense offensive drives and defensive confrontations. 

Throughout the various courts, players clad in a range of uniforms—including black, white, blue, green, red, and yellow—execute sharp maneuvers, dribble past close defenders, and attempt shots near the hoop. Key moments feature agile ball-handlers maneuvering through tight coverage, one-on-one defensive drills, mid-air shot attempts, and decisive baskets falling through the net. Referees in striped uniforms oversee the gameplay on polished wooden floors, while spectators in nearby bleachers actively watch, react, and record the action. Gym backdrops vary from standard training facilities to championship tournament settings with banners and colored bleachers, maintaining a consistent focus on athletic intensity and strategic skill development.","A series of basketball sequences highlights various offensive and defensive plays across multiple court matchups. Throughout the games, ball handlers repeatedly push the pace by dribbling and executing offensive cuts, frequently met by closely positioned defenders attempting to guard, block, or contest their movements. In several instances, players in blue, white, and red jerseys initiate scoring attempts by shooting the basketball while opposing defenders contest the shots. 

Key interactions involve frequent passing, ball control, and focused perimeter defense among players wearing distinct team kits, ranging from green, blue, and black to white, yellow, and red uniforms. Teammates position themselves alongside the action, spacing the floor while opposing guards cut through lanes and apply pressure to the ball. Referees and spectators also appear along the sidelines, observing the plays, standing beside the court, and signaling calls as the continuous flow of dribbling, defending, passing, and shooting unfolds.",artifacts/runs/v4_260922/extraction/summaries/desc_qwen/microlens_100k_00078.json,artifacts/runs/v4_260922/extraction/summaries/graph_qwen/microlens_100k_00078.json,8d2b56d6cc10bec36f1f6b0d3f0cc0e6876b323fa6bd66c0732f90b3fc036160,125e94aff0f1a1fc589b7e77c3c5ead31226c1e57d5f400cfd2284e15f0dbff0
79,microlens_100k_00079,부분 손실,M,"T,C","엉뚱한 퍼포먼스·고독·일상 모음, 춤·학교·농촌",여러 사람의 행동·거리·차량·일부 코스튬,각 장면의 유머·고독 분위기와 학교/농촌 등 맥락 약화,"This compilation of eclectic video clips depicts a wide range of human interactions, solitary reflections, and surreal moments. Several sequences capture playful and unusual activities, including men participating in chaotic water festivities on wet city streets, a person in a dinosaur costume dancing alongside someone dressed as a superhero before a crowd, two individuals in wetsuits on playground swings, and a large white duck figure appearing to dance inside a cafe. 

Other scenes evoke quiet, emotional, or everyday moments. Solitary figures are seen walking across a building rooftop, strolling along a hopscotch grid, and riding a delivery scooter through city streets. Groups of young men and students appear in cluttered dormitories, rain-soaked fields, and school bathrooms, often seeming distressed, exhausted, or deep in conversation. Elsewhere, four masked women perform a synchronized dance on an athletic field, a masked student addresses a seated classroom, and a woman hurries down a sidewalk while on her phone. 

Rural and domestic settings also feature prominently, ranging from combines harvesting wheat in dry fields to families gathered in living rooms around an infant. Additional vignettes include individuals wearing full white protective suits across agricultural fields and school playgrounds, a woman in traditional hanbok holding a welcome sign outside a restaurant, and three smiling young men posing with a small dog in a residential courtyard. Across these diverse urban, rural, and school environments, the footage weaves together themes of connection, loneliness, and whimsical performance.","The video features a series of varied moments and interactions involving diverse individuals. In one instance, a person in a black shirt sprays someone in a green and yellow jacket, who in turn sprays a person in a white shirt cutting a lime, while another in a black dress sits on a bench. Elsewhere, people in green jackets walk alongside others in red and yellow jackets, with the person in yellow dancing. Another scene shows several people, mostly wearing white shirts and black shorts, holding towels as one individual in a black tank top bends nearby. 

Activity continues with masked individuals in blue shirts standing and sitting; one holds a phone while others point at them, and a person in a brown coat runs past. Dynamic street interactions follow, including a person in a black coat running, someone in a striped shirt jumping over them, and another walking person stepping on a seated individual in a black shirt, accompanied by observers holding a camera or sitting nearby. 

Later moments show people sitting together on a bed, alongside others holding umbrellas, riding a motorcycle, or standing beside vehicles. Outdoor sequences depict a person in a yellow helmet riding a motorcycle, pedestrians on the sidewalk and street, someone in a white suit seated on a bench, and an individual dancing in a field dressed in a dinosaur costume. Finally, a small group wearing black and white jackets stands together outdoors alongside a small dog.",artifacts/runs/v4_260922/extraction/summaries/desc_qwen/microlens_100k_00079.json,artifacts/runs/v4_260922/extraction/summaries/graph_qwen/microlens_100k_00079.json,2f30b24e023bf7ab8e9dfe639bab6edde79cdd8842c72cfeda8adaae61dbd5c2,59dde940f5122843a0855c183828db145d31677c13fb5882f8ce842e9cd6b015
80,microlens_100k_00080,부분 손실,M,"N,C",전쟁 마을의 무력 충돌·사상자·응급 돌봄,군인 대치·총·나뭇가지·쓰러진 사람 돌봄,전쟁 피해와 공포·부상 상황의 구체성 약화; 큰 행동은 유지,"Set in a rustic, war-torn rural village marked by earthen walls and traditional wooden structures, the video depicts a dramatic and tense military confrontation. The central action involves soldiers navigating moments of intense combat, shock, and alarm. A man with a shaved head and mustache in a tan military-style uniform appears across several states of emotion, alternately lifting a thick wooden branch above his head with extreme exertion, shouting in anger with a rifle, and standing amidst fallen soldiers on the battlefield. 

Nearby armed troops react with fear and distress, shouting and looking upward as conflict unfolds around them. In another tense sequence, an armed man in a dark jacket and cap urgently approaches a large, studded wooden door beneath a hanging wooden bucket. The aftermath of the violence brings a shift in focus to the casualties, as several soldiers urgently gather around a wounded comrade lying on the dry ground. Surrounded by rustic elements like a wooden cart and hanging corn cobs, the men attempt to provide aid, checking his condition while an injured soldier displays profound shock and pain. Throughout the scenes, the pervasive atmosphere remains one of severe danger, conflict, and physical strain.","The video depicts tense military encounters and operations involving armed personnel in various uniforms. In an early sequence, several armed figures—some dressed in yellow uniforms, another in green, and one in a dark jacket—stand close together while carrying rifles, with one individual lifting the person in the green uniform. 

The tension escalates as figures in black jackets, armed with guns, confront personnel in military uniforms. One armed individual in a black jacket points toward another, who holds onto a shouting soldier, while another armed military member grapples with them. Elsewhere, a squad of armed soldiers in beige uniforms gathers, equipped with rifles and a backpack, with one member carrying a branch. 

In another scene, individuals wearing hats and holding water bottles tend to a person lying on the ground, assisted by a shirtless person who is held by others. The intense exchanges culminate in a direct confrontation where a person in a military uniform screams at someone in a dark jacket, who raises a hand to touch the other's face.",artifacts/runs/v4_260922/extraction/summaries/desc_qwen/microlens_100k_00080.json,artifacts/runs/v4_260922/extraction/summaries/graph_qwen/microlens_100k_00080.json,e9e68fa4c89783759bc7b3377e4000b95a8bb49241f38b8560bbd57601124682,9fe6282cab02fad531df3f80da270b1bf17947d5918936d98ba2ab0ea3e02606
81,microlens_100k_00081,핵심 손실,H,"T,P,C",슈팅 게임의 파밍·조준·엄폐·HUD와 유머 코멘트,무장 집단의 이동·SPAS-12·대열,게임 매체·자원/생존 상태·전술과 편집 성격 소실,"The video showcases highlights from a first-person shooter match, likely PUBG Mobile. The player character, commonly wearing a blue hat, white or red outfit, and a backpack, navigates diverse settings including blue-walled interiors, tropical islands, and rural grassy hillsides. Throughout the match, the player engages in intense combat, scouting terrain, utilizing cover such as crates, wooden doors, and rock formations, and firing upon distant and nearby enemies with weapons like a SPAS-12 shotgun. 

As the player moves across dirt roads, villages, and elevated slopes, they scavenge for weapons and ammunition while tracking opponents. Tense skirmishes occur around wooden cabins, concrete structures, and parked vehicles, with the player carefully aiming through scopes and reticles to eliminate targets or plan strategic moves with nearby allies. The on-screen interface constantly displays dynamic HUD elements including health bars, compass coordinates, and diminishing player counts, reflecting the escalating stakes. The gameplay is interspersed with humorous and frustrated commentary regarding surprise attacks and in-game conditions, alongside a brief cutaway to a boy in a red shirt, before returning to tactical positioning and firefights across the shrinking battlefield.","Groups of armed figures appear in various coordinated tactical formations and movements across multiple sequences. Initially, several individuals—including one with white hair and a backpack alongside others clad in black and yellow or black and white jackets—stand together holding weapons. Nearby, an individual in a white helmet maneuvers with weapons while others in black and white outfits crouch, stand, and run alongside them.

In other sequences, groups dressed in red jackets stand and run in formation, occasionally paired with figures in white shirts as they carry weapons. At one point, individuals in red jackets and white shirts wield SPAS-12 shotguns alongside a person in a green outfit, while another person wearing a white shirt and backpack climbs a hill. 

Subsequent scenes feature squads of armed figures standing in close proximity, alternatively wearing matching blue hats, white outfits, or blue and white uniforms. Finally, armed individuals in red jackets and blue shirts interact while figures in white outfits jump around them.",artifacts/runs/v4_260922/extraction/summaries/desc_qwen/microlens_100k_00081.json,artifacts/runs/v4_260922/extraction/summaries/graph_qwen/microlens_100k_00081.json,cf0f33d9cd314eecbdd70f695f570f505b08b6beb213fd9f3c13daaeaf2d8110,840ddc7518ba65739b590f2533003ef8ca7728be8b4e266d2e17a965250ab0fe
82,microlens_100k_00082,핵심 손실,H,"N,I,C",연회에서의 관계 소문·상처 후 가족 위로와 격렬한 대립,사회 모임·포옹·대화·손짓,감정의 악화와 가족의 항의 이유가 사라지고 일부가 다정한 접촉으로 변경,"A woman with short brown hair in an elegant, light-colored fringed dress makes a striking entrance at a formal banquet, drawing the warm attention of a suited man. As the reception unfolds, she dines, drinks wine, and interacts with other guests, though her mood shifts to deep concern and contemplation as she checks her phone. Other attendees gossip about her relationship dynamics, and she appears increasingly troubled, reflecting in the bathroom amidst harsh judgments before confronting the man in a grey suit. 

The distress carries over into a modest domestic setting, where the woman, still in her formal attire and later a lighter top, breaks down in tears. A man in a striped shirt and a woman in a floral top attempt to comfort her as a heated, sorrowful family discussion takes place in the living room. 

Tensions boil over into an outdoor confrontation at dusk and night near a parked taxi and manicured grounds. The family seeks justice on her behalf, leading to an intense physical and emotional clash. A man in a dark jacket ends up on the ground, and a woman is physically restrained as the man in the grey suit gestures and speaks angrily, attempting to manage the escalating conflict amid mutual outrage.","The video captures a series of social gatherings and interactions among various groups. Initially, well-dressed individuals, including men in smiling suits and people with short hair wearing dresses, stand together and look at one another. In a casual gathering, attendees with short brown hair mingle while holding wine glasses, a plate, and a phone.

The setting shifts to a table where individuals in black dresses and another in a white lace dress gather, some sitting and others standing, while a person in a blue shirt displays a photo on a handheld phone. Close, affectionate moments follow, featuring individuals adorned with earrings and necklaces standing together, with gentle touches and embraces shared between them. 

Later, a group convenes around a couch and table; one person in a floral top speaks to a companion while holding a cup, alongside others in striped shirts and casual attire holding drinks. Another scene shows several people in black jackets grouped closely together beside someone in a blue shirt. Finally, a person in a gray suit and blue shirt raises a hand and points toward an individual with black hair, who is simultaneously held by someone wearing a dark jacket and green shirt.",artifacts/runs/v4_260922/extraction/summaries/desc_qwen/microlens_100k_00082.json,artifacts/runs/v4_260922/extraction/summaries/graph_qwen/microlens_100k_00082.json,d7b6f2eeca10ed8b9b85e976a80ca0875c1b682d93e4b96ca777955a066cac7f,a28a74797567511c05f00426587a7fa690c353fff8742a4aca696115d3aa58ec
83,microlens_100k_00083,부분 손실,M,"N,I,P,C,R",초자연적 유물·종의 에너지와 지하의 위협·탈출,빛나는 눈·책·종·칼과 접촉·달리기,유물 작동과 위협·탈출 목적 약화; 도구를 바꾸는 인물이 세 사람으로 분리,"In a series of tense, animated sequences, various characters face supernatural threats and physical conflicts across mystical and industrial environments. Initially, a standoff occurs in a dimly lit industrial area involving a green-haired figure with pink glasses, a tall man in a black jacket, and a small fox-like creature. This encounter features mystical artifacts—including a glowing, light-emitting eye—alongside a bandaged individual, a distressed red-haired woman, a red-eyed young man, and a roaring green serpentine creature.

The focus shifts to an underground setting where the green-haired character, wielding a golden book and later a sword, strikes a golden bell that emits green energy. This action triggers a shocked reaction from an orange-haired character with white wings, as well as contemplative moments from a purple-haired figure. Nearby, action ensues around a damaged structure as a blue-haired character leaps into mid-air under the watchful gaze of the winged figure.

Concurrently, a separate conflict unfolds within a rustic wooden mine or underground chamber. A distressed man in a white tank top and a woman in dark attire navigate the dangerous shelter alongside a man wearing glasses who urges silence and action. A large, horned, bearded man armed with an axe is forcefully pushed and attacked by aggressive horned creatures. The chaos culminates in a narrow wooden corridor as the distressed man and an ally in a white and brown outfit run urgently forward, confronting a horned opponent clad in pink and white fur.","A tense encounter unfolds among several individuals as a person holding a glowing eye and a person with a bandaged arm, who is lying down, both hold a screaming, red-haired individual. This red-haired person attacks a red-eyed, brown-haired figure, who in turn holds the one with green hair. 

Nearby, a winged, orange-haired figure flies as three people in green jackets—carrying a book, a bell, and a sword respectively—interact, with the sword-bearer holding the flying figure. 

Elsewhere, a person in a white tank top stands beside and speaks to a person wearing glasses and a white shirt, who points back, while two figures with blue hair in purple cloaks appear nearby, one jumping toward the other. 

A group of four axe-wielding individuals, including one in an orange vest, stand assembled side by side. Nearby, two individuals run—one with brown hair and one in a white tank top—toward a person with black hair who remains standing.",artifacts/runs/v4_260922/extraction/summaries/desc_qwen/microlens_100k_00083.json,artifacts/runs/v4_260922/extraction/summaries/graph_qwen/microlens_100k_00083.json,a4cbeb3f903847a0c210bfbb12164335a5d17411d149b6a3181f4a4fe5fb71b7,b1ae7f9fa35838801cd873c4de54489623a779a1ff73532eac58be968ce92606
84,microlens_100k_00084,핵심 손실,H,"T,P,R","게임 캐릭터 편집 튜토리얼, 크기·회전·포즈·옷색 조정",사람들이 서로를 조정하는 집단,편집 UI·사용자 작업·꾸미기 목적 소실; 설정 조절이 인물 간 행동으로 변경,"This 3D animated video focuses on character customization and storytelling within a virtual, stylized game environment. Throughout the video, various characters are showcased both in dynamic narrative scenes and within editing menus. Narrative segments feature characters walking through residential suburban streets, interacting on decorated wooden decks beside modern houses, and conversing in urban areas with paved paths and colorful foliage. In these scenes, characters—including a young woman, a boy in a red cap, and a young man in casual attire—gesture, talk, and interact with the environment, which also includes cartoonish birds and other stylized avatars. 

Interspersed with these roleplay moments are tutorials detailing the technical process of character customization. In-game interfaces display tools for modifying physical appearance, clothing, poses, and item physics. Users manipulate controls for scaling, rotating, and positioning character elements, demonstrating adjustments to hairstyles, head angles, and poses. Multiple clothing designs are modified in real time, showing color palette selections and adjustments to skirts, dresses, and outfits, which range from casual summer wear to an elaborate, layered gown. After fine-tuning colors and proportions through the customization menus, the completed characters are shown posing and walking through the virtual world, concluding with one avatar strolling away down a street.","The video centers on groups of people interacting, gesturing, and adjusting one another while gathered together in coordinated attire. Across several moments, individuals appear dressed in shades of blue, standing beside each other and walking in close proximity. In one instance, a person in a blue shirt converses with a companion with black hair who raises a hand, with both figures pointing toward two black birds flying overhead. 

Subsequent interactions show people wearing blue shirts standing together and mutually adjusting one another, with one individual occasionally lifting a hand. A similar dynamic unfolds among another group that includes someone in a blue shirt raising a hand, a person in a light blue dress walking, and companions with black and red hair, all standing together in an interconnected circle of adjustments. Additionally, a group gathers side by side in matching white outfits, consisting of individuals with black hair wearing white dresses alongside others with brown hair dressed in white shirts.",artifacts/runs/v4_260922/extraction/summaries/desc_qwen/microlens_100k_00084.json,artifacts/runs/v4_260922/extraction/summaries/graph_qwen/microlens_100k_00084.json,3b91adcc0f4d20b25526b97673d13c19df4285b16fdd8e840abc552fab625c19,e44c2f72ee4b15678215c6437ff9c317b1008fc4b640f70e2ad128246cd855bd
85,microlens_100k_00085,부분 손실,M,"T,P,C",게임 속 우산·업기 제안·물 회피와 웃음 컷의 코미디,망토 인물·우산·빛나는 눈·칼,"게임·유머 편집, 물 회피와 도와주기 맥락 소실","A video features humorous interactions between characters in a game environment. It begins in a grassy open area near a cave, where a central figure with white hair and a black cloak hurries among other players. One cloaked companion falls to the ground and is playfully attacked by another before the group travels toward a building, coordinating their journey toward either the plains or a rainforest.

Following a brief title card, the setting shifts to a cold, misty nighttime environment with stone structures. Characters clad in dark robes and white hair carry glowing blue umbrellas along a path. One white-cloaked character, expressing an aversion to water, is offered a carry by an umbrella-bearing companion. Interspersed throughout the gameplay are brief comedic cuts to a real-life man with a mustache laughing heartily.

Later, in a foggy body of water near ancient stone ruins, a black-cloaked character with glowing orange eyes faces an ethereal, white-clad companion. The white figure draws a glowing yellow sword and is shielded inside a protective yellow sphere, sparking confusion and banter regarding excessive competitiveness and humility. The scene concludes with another cut to the laughing man.","A group of figures with white hair and black cloaks stand gathered alongside one another. As the scene shifts, several white-haired individuals stand together in a row, each holding an umbrella. Subsequently, the gathering features figures in dark cloaks, including one with glowing eyes and another holding a yellow sword, alongside a white-haired individual who is floating beside them.",artifacts/runs/v4_260922/extraction/summaries/desc_qwen/microlens_100k_00085.json,artifacts/runs/v4_260922/extraction/summaries/graph_qwen/microlens_100k_00085.json,1bde6afcfc40959835bfc03bb5293e5a951abd22e03d23d7be8a6d1621cb1d08,594b61589b8af1cc42375177823f21159b60da9a41d47b0fdac35f36234a6a34
86,microlens_100k_00086,핵심 손실,H,"T,P,N,R",MOBA 채팅·첫 패배·제어기·후퇴·반격과 승리,복장별 인물의 순환 공격,게임·전술·패배→승리 변화 소실; 순환 공격으로 관계 축소,"The video presents gameplay footage from a mobile multiplayer online battle arena (MOBA) game, such as Honor of Kings, played across a lush, grassy battlefield featuring stone pathways, trees, and small defensive structures. 

The match begins with an in-game chat exchange between players discussing rank and character selection before diving directly into active combat. Controlling hero characters such as Li Bai and another unit named Dudu, the player navigates intense skirmishes against enemy forces. Early engagements show fierce back-and-forth trades where characters absorb heavy damage, execute ranged attacks, and suffer critical strikes, leading to an initial defeat. 

As the battle progresses through rainy conditions, the player executes strategic combat maneuvers, unleashing massive explosive abilities, deploying control skills to immobilize targets, and utilizing tactical moves like retreating or striking from cover. Floating combat numbers indicate substantial damage dealt during these high-stakes clashes near lane towers. In a dynamic encounter, a central character surrounded by a glowing blue aura confronts several advancing hostile units, including an armored figure wielding a glowing red weapon. Managing health bars and ability cooldowns through the on-screen interface, the player coordinates successful offensive and defensive tactics to overwhelm opposing heroes, culminating in decisive strikes that eliminate the enemy targets and secure victory.","The video depicts rapid sequences of confrontation involving multiple individuals. Initially, a person with white hair and glasses talks with a short-haired individual wearing a red jacket. A clash promptly unfolds as this person in the red jacket attacks someone wearing a red hat, who is simultaneously engaged in combat with another standing figure in a red jacket. 

The combat intensifies into a chaotic melee where the participants attack one another in a circular sequence. An individual in a red jacket assaults a combatant in blue, who in turn strikes at a person in red. This person directs their attack toward another dressed in red, who retaliates against the original fighter in the red jacket. 

The multi-sided battle persists among distinct combatants. An individual in a red jacket, standing nearby, attacks someone in a black outfit. This opponent in black concurrently strikes at a fighter clad in red armor, who directs their assault toward a person wearing blue, while the blue-clad fighter completes the cycle by attacking the person in the red jacket.",artifacts/runs/v4_260922/extraction/summaries/desc_qwen/microlens_100k_00086.json,artifacts/runs/v4_260922/extraction/summaries/graph_qwen/microlens_100k_00086.json,151b336fee8e2def530a7bd514a13ee5959d14651a962ae3d2ed22cebe15dfb5,d59e3d175fc80ba751c17067c367bb7c2e2e0ab4d84cd1bd9c5ecc16725e8d70
87,microlens_100k_00087,부분 손실,M,"N,P,C",추격·전복·지하철 탈출·엘리베이터 파괴와 가족 회상,차량 사고·부상·엘리베이터·총격 보존,추격 목적·기계 파괴 방식·구조/가족의 후반 맥락 약화,"A tense, high-stakes thriller unfolds through a series of violent confrontations, pursuits, and calculated strikes. The conflict begins on city streets, where a bicyclist carrying a bag finds his wheel trapped against a black Range Rover, culminating in an armed man aiming a gun at the car. Elsewhere, a vehicle's windshield shatters under violent impact, prompting a man in glasses to scramble amid the chaos. Further confrontations follow, including an armed man in a grey turtleneck confronting a target and driving toward a hotel.

The action escalates into a high-speed urban car chase as a silver sedan carrying four men in suits is aggressively pursued by a black Peugeot. The chase ends disastrously with the silver car overturned and crushed on a cobblestone road, leaving an occupant screaming in fear as an operative flees the wreckage. In an underground subway station, an injured man lies bloodied and unconscious before sudden headlights jolt him awake, allowing him to slip away. Later, he is tended to on a couch by a concerned woman as a substance takes effect inside him.

The narrative shifts to a modern, high-security facility where well-dressed operatives gather in elevators. Violence erupts when a gunman repeatedly fires into the elevator mechanism to sabotage it, shattering the doors. Inside the aftermath, an operative ends up collapsed, bloodied, and in severe distress on the floor.

Ultimately, the man in a brown leather jacket and scarf carries out further armed confrontations in the dark, leaving casualties in his wake. Reflecting on his family and past promises, he stands overlooking a cliffside near a woman and child before quietly inspecting a received gift in a room.","A man in a brown jacket holding a bicycle stands beside individuals driving black SUVs and someone in a black jacket. Elsewhere, various vehicular incidents unfold, including a driver looking out the window while a person with a grey scarf brandishes a gun, and another car carrying men in suits. Chaos ensues near an overturned silver car, where a bald individual screams and causes a crash, while people clad in black coats run and fall nearby. 

The aftermath of violence leaves several individuals in white shirts, their faces covered in blood, lying on the ground alongside someone in a black jacket. Concurrently, tensions escalate indoors as a group of men dressed in black suits ride an elevator, with one holding a gun while another person in a white shirt looks down at a phone. The armed confrontation intensifies as individuals in dark suits engage in gunfire, leaving people fallen on the floor. Amid the standoff, an armed man in a suit aims toward a fallen figure, while an onlooker in a brown jacket gazes directly forward.",artifacts/runs/v4_260922/extraction/summaries/desc_qwen/microlens_100k_00087.json,artifacts/runs/v4_260922/extraction/summaries/graph_qwen/microlens_100k_00087.json,e66a03a1d6f122ea87341c2c81064824d14f29d695024bf8c991d0ae7cae632a,95c8ca40c42f7d9f3973557741c03697c2e2c5ec3f8c42ed4f86f2920173fb06
88,microlens_100k_00088,핵심 손실,H,"T,P,R","슈팅 게임 총기 성능 비교, 피해·정확도·반동·탄창·배율 시험",무장 사람들의 대치와 표적 사격,게임 속 총기 평가 목적과 비교 지표 소실; 서로 겨누는 대치로 일부 변경,"The video features gameplay footage from a shooter game focused on evaluating and testing various firearms across different training environments. Viewed primarily from a third-person perspective, a player character dressed in tactical gear and casual attire tests weapons in both an outdoor range and modern, indoor training facilities. 

Initial gameplay takes place in a sunny, grassy outdoor range where the player aims and fires at ground targets using a rifle identified as a Honey Badger submachine gun, as well as an automatic rifle. A large holographic interface displays detailed weapon specifications during the session. The focus then shifts to a clean, well-lit indoor training facility, where multiple firearms and ammunition types are laid out along platforms. 

Throughout the indoor sequences, the player conducts focused shooting exercises against target boards to evaluate weapon performance, damage output, accuracy, and recoil stability. Actions alternate between third-person aiming and magnified views through weapon scopes, including tests with a 3x magnified rifle and an M4 assault rifle. The player also navigates a long, multi-level corridor with a green floor to engage distant targets and is briefly shown aiming a gold-and-black rifle in a coastal setting. On-screen graphical interfaces and text overlays highlight weapon comparisons, magazine capacities, damage metrics, and overall handling characteristics as the player consistently hits targets across each drill.","The video depicts tactical firearms training and standoff scenarios involving several armed individuals. In multiple sequences, groups of people wearing white shirts handle and aim weapons while positioned in close proximity to one another. At times, they interact tensely with an individual wearing a black helmet, with weapons aimed back and forth as they stand beside each other or form a circle aiming at one another in succession. 

In another sequence, two individuals wearing camouflage backpacks stand side by side while holding 40mm weapons. They aim directly at green targets and fire their weapons toward them in coordinated target practice.",artifacts/runs/v4_260922/extraction/summaries/desc_qwen/microlens_100k_00088.json,artifacts/runs/v4_260922/extraction/summaries/graph_qwen/microlens_100k_00088.json,7abfc495142d9876deaf7b78a5bce0fd80d41c191004154970d9f9abd58792bd,878c4ab4b5edddd3718e3bfed01de194f30fa6ca405e099e6cff99ad8a8a6ccc
89,microlens_100k_00089,핵심 손실,H,"T,P,N",MOBA 캐릭터·밈·패배 후 스킬·회복·승리,메이드 집단·싸움·무장 인물·컵,게임/몽타주 정체성·스킬·회복·승패와 보상 소실,"The video presents a dynamic montage of gameplay and character moments from the mobile MOBA game *Honor of Kings*. It opens with thematic character scenes, highlighting a fox-tailed character in a maid outfit and later a candy-themed costume within a fantasy cafe setting, interspersed with battle clips and narrative text addressing team performance. 

The focus then shifts into intense, fast-paced combat across a lush, green battlefield featuring stone structures and a central river. Throughout various matches, different player-controlled characters engage hostile units and opposing players. In one sequence, a warrior clad in red and gold armor executes powerful abilities, such as purple energy blasts, but becomes overwhelmed by multiple enemies, leading to a critical defeat. 

Another segment introduces a brief close-up reaction shot of a distressed, gray-haired man before cutting back to the battlefield, where a blue-skinned warrior unleashes explosive bursts of energy against enemies. This intense gameplay contrasts with cutaways of other characters, including a weeping, red-haired figure holding a golden bell. 

In a subsequent match, a warrior dressed in blue and red actively trades damage with opponents, depleting their health bar while setting off massive glowing pink explosions. Managing health through recovery spells, the player strategically maneuvers around map objectives and defeats opposing enemies. The video culminates in a successful victory celebration, showing the player's character standing triumphant in the center of the arena surrounded by defeated foes, earning in-game currency rewards to mark a winning match.","The video features several distinct groups engaging in tense and dramatic confrontations. Initially, four individuals dressed in maid outfits—distinguished by pink, white, and red hair—stand beside one another. This gives way to a violent clash among a group in red attire, where a figure in a red jacket and others in red outfits launch attacks against each other. 

The tension continues as two armed individuals in blue outfits, both holding guns, hold onto one another. A man with gray hair and a mustache watches them closely, while a red-haired person nearby cries toward one of the armed figures. Later, the focus shifts to an encounter involving a person in a red jacket and another in a blue shirt who raises a hand, with a white cup and a blue cup resting beside them respectively.",artifacts/runs/v4_260922/extraction/summaries/desc_qwen/microlens_100k_00089.json,artifacts/runs/v4_260922/extraction/summaries/graph_qwen/microlens_100k_00089.json,3f60450fb9ac7d89141623a91a5720ee6e9909cdb9fdd5b97f1c1d3e7c69d392,625747fb74efdeb46324a572404f65716ea302dc26b61922b0f11e1741862dc5
90,microlens_100k_00090,부분 손실,M,"N,C","우주·도시의 코믹 시퀀스, 장치로 행성 폭발",우주선·장치·행성 폭발·상자 보존,공간 이동과 희극적 곤경·추방 결과 약화; 핵심 폭발 사건 보존,"The video presents a whimsical, sci-fi-themed narrative centered on various anime and chibi-style characters interacting across space and urban environments. Initially, a pink-haired character wearing a distinctive ornate headpiece and a branded white suit prepares for an adventure on a yellow celestial body, positioned beneath a large white dome-shaped spacecraft. Nearby, a spherical white robot interacts with the craft under a starry sky. 

The perspective frequently shifts to ground-level city environments and an airfield. In one sequence, concerned figures walk nighttime city streets while another gathers in a crowd. Elsewhere, a purple-haired figure in a red hat stands among insect-like aircraft on a military runway. Another recurring character—a chibi figure with white hair, red horns, and a purple outfit—is depicted in various comical predicaments: appearing on an incoming smartphone call, running in distress away from a heap of debris before tripping, standing bewildered outside a McDonald's restaurant, and finally appearing against a plain orange background receiving a small cardboard box.

Meanwhile, an eyepatch-wearing chibi figure resolves to get serious before the narrative returns to the space setting. The pink-haired character handles a small branded device on the planet's surface. When activated, the device hovers and triggers a massive fiery explosion that engulfs the celestial body, leaving the character looking up into the star-filled void after being expelled from the area. Interspersed close-ups feature odd items, including soda and orange juice cans, highlighting the eclectic nature of the sequence.","In space-themed and character-driven scenes, a glasses-wearing individual with pink hair stands beside a white spacecraft with legs as it moves toward a round, yellowish planet, looking at and discussing a white cup with a blue straw. Nearby, a person in a white helmet touches a large object beside a small yellow planet, while a brown-haired person stands by the same planet, questioning a companion who has white hair and holds a book.

Events shift to a group interaction involving the pink-haired person in glasses, an individual in a purple outfit and red hat, and a character featuring white hair and red horns. The pink-haired individual holds the horned character, who stands beside the others, while another person in a purple outfit holds a can and grasps the pink-haired figure. 

Chaos ensues as the white-haired character with red horns holds a phone displaying a character on its screen to make a call, running alongside someone in a purple outfit while another person lies fallen with closed eyes on the ground. 

Elsewhere, a blue-haired individual in a purple shirt and a pink-haired person in a white suit stand near a white and orange device and a planet. The device hovers and flies above the planet before the planet explodes. Finally, a bird-like figure with white hair, red horns, and a purple outfit stands among brown boxes marked with red logos on the ground, picking up, moving, and holding the containers.",artifacts/runs/v4_260922/extraction/summaries/desc_qwen/microlens_100k_00090.json,artifacts/runs/v4_260922/extraction/summaries/graph_qwen/microlens_100k_00090.json,b061431d03d9dd3b2279b4ade80c9d739be710d876039689fe1178296a2fd783,5c0da5a5833ee5f3b8b600488b9ff2334344d924a95002a91863a83d1054a9bc
91,microlens_100k_00091,핵심 손실,H,"T,N,P,C","곰과 작업자, 수박의 가격·익음 여부를 둘러싼 코믹 말다툼",도구 든 사람·곰·상자·모자 인물,수박 판매와 거짓 주장·항의라는 대화 핵심과 코미디 소실,"In a dense forest, a man wearing a large fluffy brown hat and a purple shirt operates a large metallic cylindrical machine with focused determination and anger. The scene cuts to a similarly styled man in an orange hard hat and brown vest working on a comparable machine beside a large tree. Nearby, a yellow bear and a brown bear watch and speak smilingly to him before the man in the fluffy hat glares directly ahead with renewed fury. 

The setting then shifts to a sunlit forest fruit stand where a man in a green hat, yellow shirt, and blue vest attempts to sell a large watermelon, claiming its skin is made of gold. A bear clad in a yellow-striped shirt and green vest questions the melon's ripeness. As the vendor admits he does not know, the interaction escalates into an argument, with the bear angrily accusing the seller of lying about the fruit being ripe while gesturing with outstretched arms.

The video concludes with a stylized, theatrical tableau set against a dark, swirling smoky haze. Illuminated under a focused spotlight, a figure in a dark formal suit and a tall black top hat with a yellow star strikes a commanding, dynamic pose with one arm extended. Flanked by dramatic lighting and prominent graphic text, the static figure remains frozen in place to complete the dramatic presentation.","Two people holding tools, one wearing a brown hat and the other an orange hat, stand alongside a pair of bears. The yellow-furred bear smiles while conversing with a brown-furred bear, who raises a paw in response. 

Nearby, a group of people gathers. Among them, two individuals wearing green hats hold boxes, while another person in a yellow shirt stands beside them. An individual in a blue jacket touches the face of the person in the yellow shirt and is also held by one of the individuals in a green hat. Later, two people, both dressed in top hats and wearing glasses, stand side by side.",artifacts/runs/v4_260922/extraction/summaries/desc_qwen/microlens_100k_00091.json,artifacts/runs/v4_260922/extraction/summaries/graph_qwen/microlens_100k_00091.json,19472389a351ed85d9ac6c45af175da252792ceb0d2ca1de423712ceb004fed7,3656002ec1e96ee1536c373ed76559df4143260b8b1b2d9f963c39663e3bc6ee
92,microlens_100k_00092,핵심 손실,H,"N,I,C","원치 않는 혼례·반발과 당황·긴장, 후반 로맨틱 삽화",컵과 인물들의 웃음·접촉·휠체어,"혼례와 반대 이유, 감정 변화·서사 목적 소실","The animated sequence follows an unfolding drama centered around a distressed young woman with brown hair and her interactions with several men, particularly one with long silver hair. Initially set in a domestic interior, the silver-haired man observes and eats while the woman, wearing an apron over a white shirt, tearfully navigates feelings of embarrassment and discomfort before managing a faint smile.

The narrative shifts to broader social gatherings filled with underlying tension and shifting moods. Against a starry backdrop, a man laughs heartily while raising a small white cup, leading into an awkward exchange with the silver-haired figure, who transitions from a teasing demeanor to visible shock and blushing confusion. The conflict intensifies during a wedding banquet, framed by supernatural imagery of lightning and the woman's obvious opposition to the arranged nuptials. Surrounded by guests, including a mustachioed host toasting the marriage, she remains deeply upset while the silver-haired man and others react to the strained ceremony.

Later scenes transition to a traditional courtyard adorned with red lanterns, where a group gathers—including a person in a wheelchair—before a white-haired character experiences a moment of sudden realization and wide-eyed shock. Finally, the sequence touches on a lighter, romantic tone with an illustration of a dark-haired woman playfully resting her chin on her hand, her amused expression and blushing cheeks set against a soft, glowing pink background.","A group of distinct figures interacts closely together. Initially, an individual with white hair wearing a black hat stands beside someone with brown hair in a red apron, who holds a person with pink hair wearing a blue hat. Beside them, a person with long gray hair in a white robe holds the individual in the black hat.

Nearby, a white-haired figure with red eyes holding a white cup looks and laughs with a smiling, black-haired companion who also holds a cup. Meanwhile, an individual in a red apron holding chopsticks drops a cup, which is promptly picked up by someone in a white robe holding another cup. Standing beside them are a gray-haired observer watching the person in the apron and a crying figure with red hair. 

Elsewhere, a smiling person with white hair holds a cup while surrounded by several companions, including a red-haired person and multiple white-haired individuals, one of whom holds a wheelchair and another cup. Finally, an affectionate moment occurs between a smiling, brown-haired figure resting their hand and a blushing companion dressed in pink, with the brown-haired person looking at and touching the blushing figure.",artifacts/runs/v4_260922/extraction/summaries/desc_qwen/microlens_100k_00092.json,artifacts/runs/v4_260922/extraction/summaries/graph_qwen/microlens_100k_00092.json,4c49766f93dce59f0558bbf97262e3eb9a46e36dbe109aca21e4cc2ac52fac22,5e2deb764dd9085b79afa6b02d4487ec8e4dab7cc7e3aed04df974e4f3e163ce
93,microlens_100k_00093,핵심 손실,H,"T,I,C",마이크 타이슨에 대한 거리 인터뷰와 본인 추정 인물의 유머,평상복 사람의 대화·포옹·마이크,인터뷰 대상·복싱 주제·장소와 놀람의 맥락 소실; 실존 인물 식별은 검증 필요,"Outside the Roosevelt Hotel on the Hollywood Walk of Fame, a series of casual daytime street interviews take place revolving around legendary boxer Mike Tyson. Various interviewers—including a young man in a white long-sleeved shirt and black cap, a woman in a yellow cardigan, and a man in a light blue tank top and baseball cap—speak into microphones to gather opinions from passersby and participants. They prompt discussions about Tyson’s career, offensive skills, athletic rankings alongside figures like Conor McGregor and Tiger Woods, and his physical transformation and facial tattoo. 

A prominent man in a black t-shirt, who appears to be Mike Tyson, actively participates in the exchanges. He is interviewed by two women in sparkly skirts, engages with the interviewers, and shares friendly, humorous moments with pedestrians. In one instance, he embraces a man in a white t-shirt on the sidewalk. Later, he interacts with a man wearing a yellow cap, cream-colored hoodie, and red bandana who comments on his facial tattoo and appearance, prompting playful disbelief from the man in black, who is also briefly seen holding a large cartoon bomb prop. The sequence also features interactions with a tattooed man in a brown graphic t-shirt, who reacts with surprise as they converse beside a sidewalk Christmas tree, maintaining a lighthearted and conversational atmosphere throughout the event.","A group of people, dressed casually in black and white shirts as well as beige and yellow tops, gather together, smiling and conversing. Several individuals actively talk and interact in small clusters, including a person in a white long-sleeve shirt speaking near others in black shirts and a person in a yellow jacket, as well as a person in a blue tank top conversing alongside an individual in a yellow cardigan. Later, another group includes individuals wearing a blue cap, black shirts, and a white shirt engaged in conversation.

The interactions continue as an individual in a black shirt and white shorts hugs a bald person in a white shirt, while someone wearing a beige hoodie and yellow cap speaks into a microphone. In another gathering, an individual stands with their arms crossed alongside a person with tattooed arms in a brown shirt, a person walking in a white shirt, and someone in a black shirt holding a bomb. Finally, near a wall bearing a hotel sign, the person in the black shirt and white pants stands beside the individual with tattooed arms in the brown shirt; they gesture toward one another while holding a black microphone on a stand.",artifacts/runs/v4_260922/extraction/summaries/desc_qwen/microlens_100k_00093.json,artifacts/runs/v4_260922/extraction/summaries/graph_qwen/microlens_100k_00093.json,765738124093b399ec2b5399f55d87c1d48f28ff760c2800876076d9d1a6cc8c,03ad910f324fb94550dda2e1410b6e16c0d481697369c38915c6c0dfc7b669cb
94,microlens_100k_00094,부분 손실,M,"N,P,C",여성 구출·총격·화염방사기·폭발·마지막 부상,인질·대치·총격 보존,구출 동기와 대형 폭발·무기 차이·마지막 쓰러짐 결과 소실,"The video depicts a high-stakes, action-packed narrative revolving around a man in a dark suit, violent confrontations, and an endangered woman. The sequence begins with the suited man approaching a black sedan on a wet road before an intense explosion erupts, setting his sleeve on fire. He quickly brushes off the flames and navigates a deadly attack involving gunfire, laser beams, and fleeing adversaries. 

Inside a dimly lit building, the man engages in fierce hand-to-hand combat and brandishes a firearm against hostile forces. Meanwhile, a bound woman with taped lips waits in terror. After neutralizing the threats, the man inspects a vehicle in a garage and travels with the woman by car. Their dynamic alternates between tense physical interventions on a sunlit road and quieter, emotionally charged domestic moments where the two share poignant glances.

The conflict soon escalates into a full-scale battle marked by overwhelming enemy firepower. Frightened individuals huddle under tables in a smoky room as armed adversaries retaliate with heavy weaponry, including missiles and a flamethrower. Another massive blast engulfs an entire building in flames. 

In the aftermath of the destruction, the tension moves into a professional interior space where a woman in a blue top aims a silver handgun during a critical standoff. Accompanied by an alert man in a light blue shirt, she confronts an armed man in a suit who enters the room. The standoff turns volatile, ultimately leaving the man in the light blue shirt incapacitated on the floor amidst the looming threat.","The video depicts a series of tense, confrontational encounters involving groups of individuals, often dressed in dark suits or jackets. Initially, several men in black suits assemble, with some standing by, one walking, and another running past. 

Tensions escalate into direct hostility. In one instance, a man in a black suit aims a gun at another person in a suit who is holding a tray, while another individual lies on the floor in a red jacket, a person in a white shirt is restrained with tape over their mouth, and an associate stands beside a nearby car. Elsewhere, interactions vary as a person in a black suit approaches someone in a white shirt, while another in a black jacket carries a bowl alongside a smiling companion.

The conflict culminates in intense armed shootouts. Several armed individuals in dark suits and jackets, including one wearing sunglasses, wield and exchange rifle fire against one another as a bald man with a watch hides from the crossfire. In subsequent moments, another group gathers, including a shirtless man standing alongside others in dark shirts, jackets, and pants. In another confrontation, armed men—including a dark-haired individual and a man in a suit—brandish their weapons at each other while a short-haired person speaks and a bald man in a light blue shirt stands nearby.",artifacts/runs/v4_260922/extraction/summaries/desc_qwen/microlens_100k_00094.json,artifacts/runs/v4_260922/extraction/summaries/graph_qwen/microlens_100k_00094.json,1ed926d20836db6543d73f240978325e480860d38d57041ac9dc7d3db3fca6e6,50c9dad2055be9e60b9174c797ba412c17ab8214f6ebf6feac7812f18756ff46
95,microlens_100k_00095,핵심 손실,H,"T,N,I,R",새집 입주와 고양이 적응·로봇청소기·가족 화상 통화,동물·청소기·휴대폰을 다루는 여러 사람,"집 구매/이사라는 목적, 가족에게 소식 공유·축하 소실; 동물 종류/동석 구조 차이","A blonde young woman documents the experience of buying and moving into a new home. After packing her belongings and receiving the keys, she arrives at the spacious, modern apartment with her grey cat. She explores the bright rooms, admiring the sunlight streaming through the windows, and helps her pet adjust to the unfamiliar environment. 

While settling in, she discovers a new robotic vacuum cleaner still wrapped in plastic and playfully demonstrates how it works on the floor. Throughout the process, the woman records personal updates and engages in multiple video calls on her phone, speaking directly to her mother and other family members to share the good news about the house. Displaying move-in gifts and monetary messages on her screen, she reacts with warmth, amusement, and surprise. Sitting in her new bedroom, she chats happily with her mother and a man on video calls, talking about the multiple rooms available in the apartment and warmly anticipating an upcoming family visit.","The video shows several interactions between people, animals, cleaning robots, and smartphones across different settings. Initially, a person in a beige jacket bends down beside a masked individual holding a folder, while another person wearing a white beanie and puffer jacket touches a grey dog lying on the floor and shows their phone. A caged brown bird is also present nearby. In another moment, individuals carrying backpacks appear outdoors near a grey cat sitting on a doormat and someone seated inside a car. 

Later, people dressed predominantly in white shirts gather indoors. Several individuals inspect, touch, and hold a white floor-cleaning robot, both while kneeling and sitting on the floor. Group conversations take place where people gesture, talk, and raise their hands toward one another. In subsequent sequences, people frequently interact with smartphones. Individuals with blonde hair and others in dark clothing hold, touch, and look at blue and black phones, smiling and showing their screens to one another as they continue conversing.",artifacts/runs/v4_260922/extraction/summaries/desc_qwen/microlens_100k_00095.json,artifacts/runs/v4_260922/extraction/summaries/graph_qwen/microlens_100k_00095.json,e0fc901ec24f4b6b6db096b4bdab1339e767f8f5ecb90cdafb103e5d8bba3a83,93135f32c66074f175b4cb88eebaa9fc3d235e1c1b37e533602d99f5974fe8f6
96,microlens_100k_00096,부분 손실,M,"T,P,R",긴 얼굴·평면적 얼굴을 위한 자연스러운 윤곽 메이크업,눈썹·아이라인·하이라이터 등 화장 절차 보존,대상 얼굴형·보정 목적과 단계별 효과 소실; 셀프 시연이 여러 사람의 상호 화장으로 변경,"A young woman with her dark hair clipped back demonstrates a step-by-step makeup tutorial tailored for individuals with flat facial features and a long face. Set against a plain, light blue background, she begins by discussing the pitfalls of heavy makeup for duller, flatter facial types and advocates for a natural, sculpting approach. 

She initiates the process by sculpting her facial outline, applying high-shine powder with a brush to luminous effect, particularly around the eyes to lift and balance her structure. Moving to the eyebrows, she outlines and fills them with a brow pencil and powder palette in a shade slightly lighter than her hair, forming a gentle inward curve. She then contours her nose and brow bone using precise brushes and metallic tools to add depth and definition. Transitioning to the cheeks and jawline, she blends contouring powder inward with fluffy brushes to soften high cheekbones and tighten the lower face. 

Focusing on the eye area, the woman applies soft pink and brown eyeshadows along the lids and lower lash line, layering delicate liner and utilizing fine brushes, cotton swabs, and subtle false eyelashes to enhance the eyes without creating excessive density. She continues by blending a pinkish-red shade onto her lips and diffusing complementary blush across her cheeks. A final touch of highlighter is dusted across the bridge of the nose to complete the polished look. Wearing a light blue beanie and glasses in the closing segment, she evaluates the final, natural result before concluding her tutorial and bidding farewell to the camera.","The video demonstrates a detailed makeup application routine alongside spoken commentary and discussions. Initially, individuals with short hair secured by hair clips engage in conversation, speaking, gesturing, pointing, and raising their hands. 

The demonstration proceeds with the use of various cosmetic tools and products. Light-skinned individuals with light brown to brown hair wearing clips apply makeup across multiple stages. They utilize eyebrow pencils, specialized beauty tools, and various makeup brushes to apply products to the face. In one sequence, an individual with brown hair holding a brush applies makeup to another person wearing a white shirt, who smiles and raises their hands. 

Further steps highlight detailed eye and facial makeup. A person with brown hair wearing hair clips uses brushes to apply eyeshadow and handles brown eyeliner to draw inner and outer eye lines. Additional application and adjustments are carried out using makeup brushes and cotton swabs. The routine is completed by applying facial powder with a makeup brush, adding white highlighter to the nose, and wearing pink lipstick. 

At the conclusion, two individuals wearing glasses—one with short brown hair and the other wearing a blue hat—interact and speak to each other to conclude the presentation.",artifacts/runs/v4_260922/extraction/summaries/desc_qwen/microlens_100k_00096.json,artifacts/runs/v4_260922/extraction/summaries/graph_qwen/microlens_100k_00096.json,fb332cfc181225dc59bc8f9da64c5dc71d3527e1c0692352b235fc766cc9158b,677548d17a4dd15bcaafb1c5bc984c16acb9e05712534ca670fd52dd8306302a
97,microlens_100k_00097,부분 손실,M,"T,N,C",캠퍼스·식당의 외모 이야기·소셜미디어·도움에 대한 감사,사람들의 대화·식사,"대화 소재와 감사·친밀감의 이유, 대학 생활 맥락 소실","The video follows several everyday social interactions among young people in campus and dining settings. Initially, a group of young women, likely college students, converse in what appears to be a dormitory or university hallway featuring a bunk bed and a vending machine. Several women, including one in a white graphic t-shirt and another in a striped shirt, exchange surprised and amused remarks as they discuss someone they noticed. A woman in a beige blazer observes the group from a slight distance before interacting with them, leading to lighthearted comparisons about appearances.

The setting then shifts to a warmly lit restaurant where young people gather around a table for a casual meal with a hot pot. Seated across from each other, a girl in a light jacket and a boy wearing a green and white jacket eat while looking at their phones, engaging in friendly banter and discussing social media. The focus subsequently moves to another moment at the dinner table, highlighting a young woman with long dark hair in a light blazer and lace top, and a young man in a blue jacket. As they interact over the meal, the man expresses relief and gratitude toward the woman for helping him out of a difficult situation, and the group shares a warm moment of mutual understanding.","A group of people stands together in conversation, including a person in a white t-shirt holding a yellow bag, alongside others wearing a blue shirt, a pink striped shirt, and a beige jacket, who turns to look at the person in white. 

Later, several individuals are gathered together while seated. A person in a green jacket holds a red cup beside someone wearing a pink jacket, while a companion in a white shirt holds a white cup while seated next to a person in a blue jacket. 

The gathering continues with a group sharing food and interacting. While multiple people, including two wearing green jackets and one in a pink jacket, eat food, an individual in a blue jacket speaks with a long-haired person wearing a white jacket who looks back at them.",artifacts/runs/v4_260922/extraction/summaries/desc_qwen/microlens_100k_00097.json,artifacts/runs/v4_260922/extraction/summaries/graph_qwen/microlens_100k_00097.json,2c6176efdb6b1d6c54985a1cb60abdbb21e73da40364eb235caab6c2ce5c6984,5d1286c1d104fac60e32a593b90047b8426a032af8ddf4267b83305fd0de9e70
98,microlens_100k_00098,부분 손실,M,"P,C,R",복숭아 주스와 무가당 우롱차를 섞은 음료·야식·영화 감상,과일·음료·간식·침대에서 영상 보기 보존,혼합 음료 레시피가 별도의 오렌지 주스와 차로 변경; 촛불·프로젝터 분위기 약화,"In a cozy, well-lit kitchen, a person prepares a late-night snack and drink. They set up a light blue air fryer, slice a small watermelon into a teacup resting on a checkered mat, and mix an iced beverage. Filling a plastic cup with ice, they pour in yellow peach juice followed by unsweetened oolong tea, finishing the refreshing layered drink with a straw. 

Later in the evening, the person relaxes in a comfortable bedroom decorated with string lights, sitting on a bed draped in a patterned blanket. On a glass table in front of them, they set out their spread: the cup of juice, the mug containing the watermelon slice, a lit candle in a coconut shell, and a basket of golden-brown fried food served on brown paper. Resting their feet near the table, they eat the food and watermelon while watching a movie projected onto the wall, enjoying a peaceful and comfortable summer night indoors.","A person wearing a pink shirt and a bracelet prepares snacks and drinks in a kitchen area. They operate a white air fryer, cut fresh red watermelon, and pour beverages into two translucent lidded cups, filling one with orange juice and the other with dark brown tea before setting them down on a mat. 

Later, dressed in pink pajamas, the person sits comfortably on a bed while watching a screen. Alongside them on a table are a basket of golden fries, an orange cup with a straw, and a white cup holding cut watermelon slices. As they relax, they hold the cups and enjoy eating the fries.",artifacts/runs/v4_260922/extraction/summaries/desc_qwen/microlens_100k_00098.json,artifacts/runs/v4_260922/extraction/summaries/graph_qwen/microlens_100k_00098.json,e7048f1717d1fd85b0d44dd28f42544a38bc146e709822c5f491a40b7c6da1ea,d619e235a4ce8f711b3b58468a0ffd45116890a1ad8e70cadefd448e0f98915d
99,microlens_100k_00099,핵심 손실,H,"T,N,P,C,R",광장춤 소음·농구장 점유와 주민의 대응을 모은 갈등 영상,활기차고 축하 분위기의 공동 춤 행사,공공공간/소음 갈등과 방해·저항 목적 소실; 전체 정서가 반대로 해석됨,"A video compilation captures a recurring series of dramatic and humorous confrontations between square dancers, predominantly elderly women, and local community members over the use of public spaces. The disputes frequently occur at outdoor basketball courts, public plazas, and residential areas, primarily at night. Dancers gather in large groups with powerful loudspeakers, often prompting intense pushback from local youths, athletes, and nearby residents.

A central point of contention is the occupation of recreational facilities, particularly basketball courts. In several clips, dancers lock gates, confront young players, and even face off against construction equipment brought in near basketball hoops. In response, younger people employ various tactics to reclaim their spaces. Men blend into the dance routines while aggressively dribbling basketballs, mockingly perform eccentric dances to disrupt the gatherings, or physically wheel away the dancers' sound systems. In other instances, heated arguments erupt between dancers and residents, shop owners, or street vendors who claim the loud music disrupts their businesses, interrupts sporting events, and ruins their peace.

The compilation also highlights creative and retaliatory measures taken by local communities to counter the disruptive noise. Frustrated residents are seen deploying electronic jamming devices to remotely silence the dancers' speakers, playing haunting or competing music to drown them out, and in one extreme case, stirring chili peppers in an outdoor wok to drive crowds away with irritating fumes. The encounters vary from playful, viral dance-offs and social media influencer arguments to genuine physical altercations, capturing an ongoing cultural friction over shared urban spaces.","The video captures a lively outdoor gathering centered around communal activities, social interactions, and energetic dance routines. Numerous people assemble in varied attire, with dancers performing in coordinated colorful outfits, such as red jackets, orange ensembles, patterns, and bright shirts. Throughout the event, several attendees actively dance together or in organized groups, while others look on, walk through the area, or stand in rows and small clusters. 

Interspersed with the dancing, individuals engage in various everyday actions and tasks. People are seen pushing and pulling carts, and at one point, someone in a green shirt pushes a car while an observer with a cane looks on. Music and media capture play a significant role throughout the scene; a large black speaker rests on the ground, a musician plays a trumpet, a speaker addresses the crowd using a microphone, and several participants record the festivities using cameras and mobile devices. 

Contrasting the overall celebratory and upbeat atmosphere, emotional and physical interactions also unfold within the gathering. A few individuals appear distressed and in tears, receiving attention or being held by companions standing beside them. Other moments show people leaning on one another, resting on benches, gesturing, raising their hands, or holding items like a basketball. The setting remains busy and dynamic, combining structured performance with spontaneous group dynamics.",artifacts/runs/v4_260922/extraction/summaries/desc_qwen/microlens_100k_00099.json,artifacts/runs/v4_260922/extraction/summaries/graph_qwen/microlens_100k_00099.json,377cda2e0ca740c6b5de0f0f2534d134489707bd22b080063cf2cf4d19644df2,f6c8c9716660b04231117be9b1b90f4bc592e56f1d61cfd62bfc824262edadf6
100,microlens_100k_00100,핵심 손실,H,"T,N,I,P","학생과 영어교사의 장난스러운 채팅, MOBA 승리와 후속 만남",휴대폰 대화·복장별 전투·모임,"사제 관계·채팅의 로맨스/유머, 게임·승리와 미완 결말 소실","The video centers on a humorous and flirtatious exchange between a student and their English teacher, framed around mobile MOBA gameplay. It begins with a text conversation where the student inadvertently addresses the teacher as their wife while inviting her to play games. After an awkward confession, playful scolding, and an exchange involving an accidental photo, the teacher suggests punishing the student in-game, leading them to team up for a match.

The scene then cuts to competitive gameplay in a mobile MOBA title like *Honor of Kings*. Playing as a red-clad warrior character, the user navigates a lush green map with stone pathways and a river. The combat is fast-paced and aggressive, with the player executing strategic abilities, slinging glowing ranged attacks, and engaging heavily against enemy champions. Despite taking substantial damage in multi-target skirmishes, the player effectively manages health recovery, counters hostile units, and helps push their team to a dominant score. The match culminates in an assault near a large glowing enemy structure, securing a final kill and bringing up a celebratory victory screen.

Following the match, the video returns to their digital chat. The teacher instructs the student to come over to her house so they can talk privately about their relationship. The video ends on a cliffhanger, displaying text that indicates the story remains unfinished.","A group of people wearing white shirts, including one man and three women, converse among themselves. In another moment, a person wearing a black blazer stands alongside others dressed in black, two of whom hold phones as they stand beside one another. 

The video then shifts into intense action, featuring a sequence of physical confrontations among multiple individuals. In one encounter, figures in red and blue jackets clash as one runs and others engage in attacks against each other. The fighting escalates into a multi-sided skirmish between individuals wearing red, blue, and white attire, with participants launching attacks against one another in turn. 

Following the conflict, the scene settles down into a calmer gathering. A person in a red jacket smiles while standing beside someone in a blue shirt who raises a hand. Nearby, individuals with black hair stand together, each holding a phone.",artifacts/runs/v4_260922/extraction/summaries/desc_qwen/microlens_100k_00100.json,artifacts/runs/v4_260922/extraction/summaries/graph_qwen/microlens_100k_00100.json,d51ec8a96b467ba0e1000bd8b01b1d90a84a1d9d6bf4b4319cc74be83f8b5a47,283fb9bc976fc54a0c0479e4d037ea467f37f508f23bb65cc405203c3fcc2873
